:020000040800F2
:1000000000060020E1020008E3020008E302000805
:10001000E3020008E3020008E3020008E30200082C
:10002000E3020008E3020008E3020008F577000895
:10003000E3020008E3020008E3020008E30200080C
:10004000E3020008E3020008E3020008E3020008FC
:10005000E3020008E3020008E3020008E3020008EC
:10006000E3020008E3020008E3020008B1460008CA
:10007000D946000805470008314700085D470008D9
:1000800085470008B1470008E3020008E3020008C2
:10009000E3020008E3020008E3020008E3020008AC
:1000A000E3020008E3020008E3020008E30200089C
:1000B000E3020008E3020008E3020008E30200088C
:1000C000E3020008E3020008E3020008E30200087C
:1000D000E3020008E3020008E302000815870008B5
:1000E000E3020008E3020008E3020008E30200085C
:1000F000E3020008E3020008E3020008DD4700080D
:10010000E3020008E302000851870008E302000848
:10011000E302000829870008E3020008E302000860
:1001200009480008314800085D480008894800086F
:10013000B5480008E3020008E3020008E3020008F3
:10014000E3020008E3020008E3020008E3020008FB
:10015000DD4800080949000835490008E3020008A5
:10016000E3020008E3020008E3020008E3020008DB
:10017000E3020008E1830008E3020008E30200084C
:10018000E3020008E30200083D870008E3020008DC
:10019000E3020008E3020008E3020008E3020008AB
:1001A000E3020008E3020008E3020008E30200089B
:1001B000E3020008E3020008E3020008E30200088B
:1001C000E3020008E3020008E3020008E30200087B
:1001D000E3020008CD830008E3020008E302000800
:1001E000E3020008E3020008E3020008E30200085B
:1001F000E3020008E3020008E3020008E30200084B
:10020000E3020008E3020008E3020008E30200083A
:10021000E3020008E3020008E3020008E30200082A
:10022000E3020008E3020008E3020008E30200081A
:1002300001870008E3020008E3020008E302000867
:10024000E3020008E3020008E3020008E3020008FA
:10025000E3020008E3020008E3020008E3020008EA
:10026000E3020008E3020008E3020008E3020008DA
:10027000E3020008E3020008E3020008E3020008CA
:10028000E3020008E3020008E3020008E3020008BA
:10029000E3020008E3020008E3020008E3020008AA
:1002A000E3020008E3020008E3020008E30200089A
:1002B000E3020008E3020008E3020008E30200088A
:1002C000E3020008E3020008E3020008E30200087A
:1002D000E3020008E3020008E3020008E30200086A
:1002E00002E000F000F8FEE772B6374880F30888B5
:1002F000364880F3098836483649086040F20000E5
:10030000CCF200004EF63471CEF200010860BFF36B
:100310004F8FBFF36F8F40F20000C0F2F0004EF637
:100320008851CEF200010860BFF34F8FBFF36F8F8B
:100330004FF00000E1EE100A4EF63C71CEF20001E3
:100340000860062080F31488BFF36F8F07F0B4FABB
:1003500006F008FC4FF055301F491B4A91423CBF44
:1003600041F8040BFAE71D49184A91423CBF41F895
:10037000040BFAE71A491B4A1B4B9A423EBF51F83D
:10038000040B42F8040BF8E700201849184A914280
:100390003CBF41F8040BFAE707F0CCFA06F066FC24
:1003A000144C154DAC4203DA54F8041B8847F9E7A6
:1003B00000F0C4F9114C124DAC4203DA54F8041B9E
:1003C0008847F9E707F0B4BA0006002000220020B1
:1003D0000000000808ED00E00000002000060020FA
:1003E000B89B000800220020742200207822002000
:1003F000B4660020E0020008E0020008E002000805
:10040000E00200082DE9F04F2DED108AC1F80CD064
:10041000D0F80CD0BDEC108ABDE8F08F002383F338
:1004200011882846A047002006F07EF9FEE706F076
:10043000D1F800DFFEE7000053B94AB9002908BF30
:1004400000281CBF4FF0FF314FF0FF3000F074B9AF
:10045000ADF1080C6DE904CE00F006F8DDF804E01B
:10046000DDE9022304B070472DE9F047089D0446FA
:100470008E46002B4DD18A42944669D9B2FA82F257
:1004800052B101FA02F3C2F1200120FA01F10CFA93
:1004900002FC41EA030E94404FEA1C48210CBEFBCB
:1004A000F8F61FFA8CF708FB16E341EA034306FB54
:1004B00007F199420AD91CEB030306F1FF3080F0E3
:1004C0001F81994240F21C81023E63445B1AA4B230
:1004D000B3FBF8F008FB103344EA034400FB07F7D2
:1004E000A7420AD91CEB040400F1FF3380F00A8113
:1004F000A74240F207816444023840EA0640E41B08
:1005000000261DB1D4400023C5E900433146BDE8B3
:10051000F0878B4209D9002D00F0EF800026C5E955
:10052000000130463146BDE8F087B3FA83F6002E6D
:100530004AD18B4202D3824200F2F980841A61EBE5
:10054000030301209E46002DE0D0C5E9004EDDE703
:1005500002B9FFDEB2FA82F2002A40F09280A1EBEB
:100560000C014FEA1C471FFA8CFE0126200CB1FB40
:10057000F7F307FB131140EA01410EFB03F0884239
:1005800008D91CEB010103F1FF3802D2884200F2C6
:10059000CB804346091AA4B2B1FBF7F007FB101158
:1005A00044EA01440EFB00FEA64508D91CEB0404F6
:1005B00000F1FF3102D2A64500F2BB800846A4EB51
:1005C0000E0440EA03409CE7C6F12007B34022FA3C
:1005D00007FC4CEA030C20FA07F401FA06F31C436B
:1005E000F9404FEA1C4900FA06F3B1FBF9F8200C78
:1005F0001FFA8CFE09FB181140EA014108FB0EF0BE
:10060000884202FA06F20BD91CEB010108F1FF3A0D
:1006100080F08880884240F28580A8F10208614419
:10062000091AA4B2B1FBF9F009FB101144EA014127
:1006300000FB0EFE8E4508D91CEB010100F1FF34D2
:100640006CD28E456AD90238614440EA0840A0FB6A
:100650000294A1EB0E01A142C846A64656D353D040
:100660005DB1B3EB080261EB0E0101FA07F722FA64
:1006700006F3F1401F43C5E9007100263146BDE88D
:10068000F087C2F12003D8400CFA02FC21FA03F3F0
:10069000914001434FEA1C471FFA8CFEB3FBF7F071
:1006A00007FB10360B0C43EA064300FB0EF69E4296
:1006B00004FA02F408D91CEB030300F1FF382FD22F
:1006C0009E422DD9023863449B1B89B2B3FBF7F6D7
:1006D00007FB163341EA034106FB0EF38B4208D9B0
:1006E0001CEB010106F1FF3816D28B4214D9023EF1
:1006F0006144C91A46EA004638E72E46284605E70F
:100700000646E3E61846F8E64B45A9D2B9EB0208DF
:1007100064EB0C0E0138A3E74646EAE7204694E76F
:100720004046D1E7D0467BE7023B614432E73046A2
:1007300009E76444023842E7704700BF38B501F06A
:1007400007FA01F0CBFB06F033FF054607F044F84B
:100750000446D0B90F4B9D4219D001339D4241F25E
:10076000883504BF01240025002006F02BFF0CB1C2
:1007700000F076F801F052FB00F02EFD08B100F019
:100780006FF8284600F01AF9F9E70025ECE705466E
:10079000EAE700BF010007B008B501F0A5F9A0F134
:1007A00020035842584108BD07B5042101900DEBC4
:1007B000010001F0B7F903B05DF804FB38B5302350
:1007C00083F31188174803680BB106F091F80023F2
:1007D000154A4FF47A71134806F080F8002383F32A
:1007E0001188124C236813B12368013B23606368AE
:1007F00013B16368013B63600D4D2B7833B96368B7
:100800007BB9022001F06CFA322363602B78032B52
:1008100007D163682BB9022001F062FA4FF47A73B2
:10082000636038BD78220020BD07000898230020AF
:1008300090220020084B187003280CD8DFE800F045
:1008400008050208022001F03BBA022001F028BA94
:10085000024B00225A60704790220020982300200B
:10086000F8B5504B504A1C461968013100F0998088
:1008700004339342F8D162684C4B9A4240F2918023
:100880004B4B9B6803F1006303F500339A4280F001
:100890008880002001F076F90220FFF7CBFF454B5E
:1008A0000021D3F8E820C3F8E810D3F81021C3F8EA
:1008B0001011D3F81021D3F8EC20C3F8EC10D3F8C2
:1008C0001421C3F81411D3F81421D3F8F020C3F87D
:1008D000F010D3F81821C3F81811D3F81821D3F861
:1008E000802042F00062C3F88020D3F8802022F0FC
:1008F0000062C3F88020D3F88020D3F8802042F033
:100900000072C3F88020D3F8802022F00072C3F870
:100910008020D3F8803072B64FF0E023C3F8084D42
:10092000D4E90004BFF34F8FBFF36F8F224AC2F8A0
:100930008410BFF34F8F536923F480335361BFF3A7
:100940004F8FD2F8803043F6E076C3F3C905C3F386
:100950004E335B0103EA060C29464CEA81770139E4
:10096000C2F87472F9D2203B13F1200FF2D1BFF319
:100970004F8FBFF36F8FBFF34F8FBFF36F8F5369ED
:1009800023F4003353610023C2F85032BFF34F8F7A
:10099000BFF36F8F302383F31188854680F3088877
:1009A0002047F8BD0000020820000208FFFF0108F0
:1009B000002200200044025800ED00E02DE9F04F35
:1009C00095B0DFF8D8922022FF21029004A8D9F830
:1009D000085001F0CDF9A84A1378A3B90121A7481E
:1009E00011700360302383F3118803680BB105F0A5
:1009F0007FFF0023A24A4FF47A71A04805F06EFFF2
:100A0000002383F31188029B13B19E4B029A1A6054
:100A10009D4A1378032B03D000231370994A536027
:100A20004FF0000B029C5E46DA46CDF804B0012080
:100A300001F046F924B1934B1B68002B00F028828B
:100A4000002001F051F8B0F10008F3DB012001F0C3
:100A500027F9A8F121031F2BE9D801A252F823F0AE
:100A6000E10A0008FD0A00088B0B00082F0A0008A5
:100A70002F0A00082F0A0008150C0008070E0008AE
:100A8000F90C0008550D00087B0D0008A10D0008A9
:100A90002F0A0008B30D0008D70D00084F0E0008FC
:100AA000690B00082F0A0008970E0008ED0A0008DD
:100AB000690B00082F0A0008550D00082F0A0008CE
:100AC0002F0A00082F0A00082F0A00082F0A000822
:100AD0002F0A00082F0A00082F0A00088B0B0008B5
:100AE0000220FFF759FE002840F0FF81029B0221FF
:100AF0006648BBF1000F08BF1C4640E04FF47A7017
:100B000000F0F2FF071EF1DB0220FFF745FE002890
:100B1000ECD0013F052F00F2EA81DFE807F0030780
:100B20000A0D10330520FFF73FFE14E0D9F800004E
:100B3000F9E7D9F80400F6E7D9F80800F3E74FF031
:100B40001C08404608F1040801F01EF8FFF72CFECF
:100B5000B8F12C0FF5D10120019B4FF0000A00FAEB
:100B600007F71F43FBB2019301F04EF92EB1019B31
:100B700003F00B030B2B08BF00240221444800F0B4
:100B8000D1FF54E7D9F80C00CDE7002EAED0019B81
:100B900003F00B030B2BA9D10220FFF7FDFD074645
:100BA0000028A3D00120002600F0ECFF0220FFF770
:100BB00041FE1FFA86FB584600F0F4FF044688B158
:100BC000A8F14002584601365142514100F0FAFF67
:100BD0000028EED1BB46044602212E483E4600F0D6
:100BE000A1FF24E725460120FFF724FED9F80830AD
:100BF000AB4207D9284600F0C7FF013040F07A81A8
:100C00000435F3E70025204BBB463E461D701D4BC7
:100C10005D60A9E7002E3FF469AF019B03F00B0371
:100C20000B2B7FF463AF0220FFF704FE322000F0AD
:100C30005BFFB0F10008FFF659AF18F003077FF42F
:100C400055AF08EB0503D9F8082093423FF64EAFA5
:100C5000B8F5807F3FF74AAF0F4BB84503931FDDD0
:100C60004FF47A7000F040FF0028FFF63FAF039B7F
:100C7000013703F8010BF0E79423002078220020CD
:100C8000BD070008982300209022002070910008E2
:100C9000689100086C910008942200200022002036
:100CA000C820FFF779FD074600283FF41FAF1F2D2E
:100CB00011D8C5F1200204AB25F003008F4942454D
:100CC000184428BF4246039201F02CF8039AFF21F2
:100CD0008A4801F04DF84FEAA803C8F38702874914
:100CE0002846039301F04CF8064600283FF474AF01
:100CF000039B05EB830537E70220FFF74DFD002836
:100D00003FF4F4AE00F07CFF00283FF4EFAE002784
:100D1000B846D9F80830BB4218D91F2F11D8049B08
:100D200001330ED027F0030314AA134453F8403CB8
:100D30000C93404604220CA9043701F067F9804661
:100D4000E7E7384600F020FF0C90F2E74046FFF757
:100D50002BFD09E7002364210CA80C9300F0D8FEBA
:100D600000287FF4C3AE0220FFF716FD00283FF4F1
:100D7000BDAE0C9800F03AFFE9E7002364210CA80F
:100D80000C9300F0C5FE00287FF4B0AE0220FFF700
:100D900003FD00283FF4AAAE0C9800F029FFD6E727
:100DA0000220FFF7F9FC00283FF4A0AE00F038FF66
:100DB000CDE70220FFF7F0FC00283FF497AE0CA926
:100DC000142000F033FF0390FFF7EEFC03990CA80A
:100DD00000F0A8FEC8E60220FFF7DEFC00283FF482
:100DE00085AE474B0CAF03F1100C1868083353F86D
:100DF000041C3A46634503C21746F6D11020FFF79C
:100E0000D3FC1021E3E7322000F06EFE071EFFF650
:100E10006DAEBB077FF46AAE07EB0A03D9F8082072
:100E200093423FF663AE0220FFF7B6FC00283FF482
:100E30005DAE27F003075744BA453FF495AE5046E0
:100E40000AF1040A00F0A0FEFFF7AEFCF4E74FF44D
:100E50007A70FFF7A1FC00283FF448AE00F0D0FE06
:100E6000002849D0049B01330BD0082204A900209C
:100E700000F086FF00283FD02022FF2104A800F0C8
:100E800077FF2048022100F04DFE1F4805F052FC7C
:100E900015B0BDE8F08F002E3FF428AE019B03F0A3
:100EA0000B030B2B7FF422AE002364210CA80C93C0
:100EB00000F02EFE074600287FF418AE0220FFF750
:100EC0006BFC804600283FF411AE02210D4800F073
:100ED00029FE41F2883005F02DFC0C9800F0DCFF73
:100EE00046463C4600F090FFA1E506463CE64FF042
:100EF000000AFBE5BB466FE637466DE6942200200C
:100F00005491000868910008A08601007047000015
:100F100070470000704700002DE9F04100F5803770
:100F2000044616463B7C5BB9C0681030204400F094
:100F3000F9FEE5683544B5F5004FE56002D816B115
:100F4000BDE8F081DEB905F07F0605F11000002153
:100F5000C6F180062044F6B232462E4400F008FF67
:100F6000A06804F11008324600F10060414600F527
:100F7000003006F0BDF830B901233B74E0E74FF4D0
:100F800000463546ECE7A26805F1100140463244C0
:100F90002144A260E268521BE26000F0C3FE02201E
:100FA000BDE8F04100F09CBE183000F0E9BC000044
:100FB00010B5044601F046F8204610BD10B50446B1
:100FC00001F040F8204610BDC0B2A0F14103052B4E
:100FD00002D83738C0B27047A0F16103052B94BF27
:100FE00057383038F6E7000070B504461546084615
:100FF00003220C4900F0A0FE014688B908346E1C9B
:1010000015F91100FFF7E0FF024616F91100013152
:10101000FFF7DAFF102940EA021004F8010BEFD1C4
:1010200070BD00BF749100082DE9F04FADF53F7D14
:101030000746416801222AA802F0E6FE002840F097
:1010400087800646824681461125DFF80C81DFF84D
:101050000CB101AB4FF4805241462AA803F034F89A
:10106000002875D1019AB2F5805F71D8002A65D049
:101070000446019A9442ECD2282D0FD008DC132D9F
:101080002DD01E2D39D0112D13D00134A4B2F0E78C
:10109000322D2DD0372D2FD02D2DF6D13B68121BA0
:1010A00008EB040138461B692D259847BDF804401C
:1010B000EBE7121B022A09D9594608EB040000F09D
:1010C0003BFE18B902342825A4B2DEE718F8043034
:1010D0003A2B3DD00A2B1CBFA1461325D5E718F8A3
:1010E00004300A2B34D03A2B04BFA2463225CCE779
:1010F00018F80430202BC8D0264618F804300A2BE4
:101100001AD1AAEB090208EB090102A811254F2AFE
:1011100028BF4F2208F00AF8A21B08EB060116A808
:101120004F2A28BF4F2208F001F83B6816AA02A9EF
:10113000DB6838469847A8E71E25A6E73B6838468F
:1011400004491B69984701200DF53F7DBDE8F08FEC
:101150000020F9E776920008A0230020789100088B
:1011600000F1180110B5044686B00846019100F060
:10117000F1FB2046FFF758FF60B1019902A800F08B
:1011800049FC102204F1080102A807F08FFFB0FA11
:1011900080F0400906B010BD70B504460025EEB2DF
:1011A000304600F0FFFC58B100213046013500F018
:1011B00009FD08B9002070BD022000F091FDEEE7A6
:1011C0002046FFF731FF0028F4D004F58034207C5E
:1011D00080F00100EFE70000F0B5C9B006F000FABA
:1011E00000F04CFF18B90025284649B0F0BD69460B
:1011F0002A4803F02BF800284BD1294C204603F055
:1012000055F8284803F052F8274803F04FF82146D4
:10121000224803F0C7F80028E5D1702000F00CFF49
:10122000064610B1214B44600360336830469B682A
:101230009847054600282ED01A4F1948394603F022
:10124000B1F805460028CED1194800F0F5FE044655
:1012500038B1184B4760036000F58033C0E9025590
:101260001D74236820469B689847054628B10E499F
:101270000C4803F097F80028B5D1336830465B6816
:1012800098471CB1236820465B68984700F0DEFE53
:10129000AAE70025FAE70446EFE700BF7C910008C3
:1012A0008C910008A3910008B9910008DC91000816
:1012B00014000100F89100082DE9F04FD44A8DB0D8
:1012C0000B68D0F804A001931A440368D14E1A4465
:1012D000D1F81C90DFF8B4C3DFF8B4B3D0E902341E
:1012E000634003EA0A03634013444A6802920AEB2C
:1012F0007363029CC84A2244C468224484688AEA10
:1013000004051D40654015448A68039203EB35557A
:10131000039CC24A2244846822448AEA03042C4083
:1013200084EA0A041444CA6805EBF43404921644AF
:1013300083EA0502224056445A4032440E6905961B
:1013400004EBB222059FB64E3E441E4485EA0403D8
:1013500013406B4033444E69069602EB7363069F5D
:10136000B04E3E442E4484EA02051D40654035449B
:101370008E69079603EB3555079FAB4E3E442644D6
:1013800082EA03042C4054403444A84E4E4405EBFA
:10139000F434164483EA050222405A4032440E6A6D
:1013A000089604EBB222089FA14E3E441E4485EAF3
:1013B000040313406B4033444E6A099602EB736397
:1013C000099F9C4ED1F830E03E44D1F83880F34478
:1013D0002E4484EA02051D40654035448E6AA6F518
:1013E000244703EB35550A964F3F274482EA03040E
:1013F0002C4054403C44CF6A0B9705EBF4340B9ED1
:101400008D4F3744029E174483EA050222405A401A
:101410003A448A4F774404EBB2221F4485EA04031E
:1014200013406B403B444F6BBC4402EB7363654419
:1014300084EA020C0CEA030C8CEA040C6544DFF825
:1014400054C2C44403EB3555A44482EA03042C403F
:1014500054406444D1F83CC0794905EBF43461440C
:10146000114483EA050222405A400A44754904EBBC
:10147000B2223144079E194484EA02032B406340A0
:101480000B44714902EBF36331440B9E0D4482EA35
:1014900003012140514029446C4D03EBF151354487
:1014A000019E254483EA010414405C402C44684DAD
:1014B00001EBB4443544069E154481EA04021A4007
:1014C0004A402A44634D04EB323235440A9E1D449F
:1014D00084EA02030B4063402B445F4D02EBF3634D
:1014E0003544059E0D4482EA0301214051402944C0
:1014F0005A4D03EBF1516544254483EA010414403D
:101500005C402C44564D01EBB4443544099E1544CF
:1015100081EA04021A404A402A44524D04EB323216
:101520003544049E1D4484EA02030B4063402B446F
:101530004D4D02EBF36345440D4482EA0301214023
:1015400051402944494D03EBF1513544089E2C4448
:1015500083EA010515405D402C44454D01EBB44440
:101560003544039E2A4481EA04051D404D402A4427
:10157000404D04EB32323D442B4484EA020593444F
:101580000D4065402B443C4D02EBF3633544069E11
:10159000294482EA0305254055402944374D03EB91
:1015A000F1514D442C4483EA010515405D4025442A
:1015B00001EBB54581EA050404EA03024A405A44B6
:1015C000A6F5B82B089E05EB3232ABF2BE6B544049
:1015D0005B4423442A4C344402EB33730B9E0C448B
:1015E00085EA020159402144264C344403EB7151F1
:1015F000029E254482EA03044C402544224C444484
:1016000001EB3545144483EA01026A40224443E079
:1016100078A46AD7EECEBDC156B7C7E8DB702024E8
:10162000AF0F7CF52AC68747134630A8019546FDC3
:10163000D8988069AFF7448BBED75C892211906B34
:101640002108B44962251EF640B340C0515A5E26B7
:10165000AAC7B6E95D102FD65314440281E6A1D87B
:10166000C8FBD3E7E6CDE121D60737C3870DD5F414
:10167000ED145A4505E9E3A9F8A3EFFCD9026F6719
:1016800081F6718722619D6D0C38E5FD937198FD9F
:101690008A4C2A8D8E4379A6934C344405EB7222F2
:1016A000059E1C4481EA0503534023448F4C344477
:1016B00002EB33730A9E0C4485EA0201594021442F
:1016C0008B4C4C4403EB7151254482EA03044C409B
:1016D0002C44884D354401EB3444019E154483EA83
:1016E000010262402A44844D3D4404EB72221D44B1
:1016F00081EA040353402B44804D354402EB33739D
:10170000049E294484EA02055D4029447C4D354409
:1017100003EB7151079E254482EA03044C402C449C
:10172000784D354401EB3444099E2A4483EA01058F
:1017300065401544744A324404EB7525039E1344F6
:1017400081EA04026A401A44704B734405EB32721A
:101750000B4484EA0501514019446D4B634402EB8C
:1017600071511C4485EA02034B401C44694B3344CD
:1017700001EB3444019E1D4482EA010363402B4483
:10178000654D04EB73233544069E154463EA01025C
:1017900062402A44614D03EBB2624D4462EA04099F
:1017A00029445F4D89EA0309454449442C445D4D71
:1017B00002EBB1513544049E61EA03081D4488EAF6
:1017C0000208444401EB744464EA02034B402B4496
:1017D000554D04EBF323754463EA010E15448EEA7C
:1017E000040E0EEB0502514D03EBB262354462EA82
:1017F000040E29440A9D8EEA030EA5F580164C4D71
:101800007144A6F6833602EBB151264461EA030423
:1018100054403444029E01EB7444354464EA0206A9
:101820001D444E407319089E424D04EBF32335448A
:1018300063EA01061544664072193F4D03EBB2623C
:10184000654462EA040629443C4D5E403144079EEB
:1018500002EBB151354461EA03062C44384D564041
:101860003D443444059E1D4401EB744464EA020384
:101870004B402B44334D04EBF32335440B9E15446E
:1018800063EA010262402A442F4D03EBB262354401
:10189000039E0D4462EA0401594029442B4D02EB9A
:1018A000B15135442A4E254461EA030454402C4486
:1018B000099D01EB74442E4464EA02051E4485EA46
:1018C00001039D1903681A440AEB040303EBF52393
:1018D0000260436083681C44C36819448460C1602B
:1018E0000DB0BDE8F08F00BF44EABEA4A9CFDE4B27
:1018F000604BBBF670BCBFBEC67E9B28FA27A1EA30
:101900008530EFD4051D880439D0D4D9E599DBE6BC
:10191000F87CA21F6556ACC4442229F497FF2A43E1
:10192000A72394AB39A093FCC3595B6592CC0C8F71
:10193000D15D84854F7EA86FE0E62CFE144301A3A1
:10194000A111084E827E53F735F23ABDBBD2D72A99
:1019500091D386EB094B036003F18833436003F1B5
:101960002943A3F59613A3F68B638360A3F1883311
:10197000C3600023C0E90433704700BF01234567FB
:101980002DE9F8431446026905460E46E300C2F30A
:10199000C50800F118079B18036122BF4369013392
:1019A000436112F4FC7F436903EB5473436114D029
:1019B000C8F1400907EB08004C4504D22246BDE8B7
:1019C000F84307F083BB403C4A464E4407F07EFB99
:1019D000444439462846FFF76FFCA04606EB04094D
:1019E000B8F13F0FA9EB08010AD94022384607F0A9
:1019F0006DFB39462846A8F14008FFF75DFCEFE78C
:101A0000A1096FF03F02384602FB014206EB81114B
:101A1000D5E7000070B50B6901F1180506460C46C4
:101A2000C3F3C503EA18501C8022EA54C3F13F02F5
:101A3000072A1FD8002100F09BF929462046FFF70E
:101A40003BFC38220021284600F092F92369294600
:101A50002046236563696365FFF72EFC214610224B
:101A6000304607F033FB204658220021BDE8704085
:101A700000F07EB9C3F137020021E5E72DE9F84F08
:101A80004FF47A7306460D46002402FB03F7DFF895
:101A90005080DFF8509098F900305FFA84FA5A1CB1
:101AA00001D0A34210D159F824002A4631460368D8
:101AB000D3F820B03B46D847854205D1074B0120DB
:101AC00083F800A0BDE8F88F0134042CE3D14FF473
:101AD000FA7004F02FFE0020F4E700BFE43300208A
:101AE0001022002014220020002307B50246012105
:101AF0000DF107008DF80730FFF7C0FF20B19DF80A
:101B0000070003B05DF804FB4FF0FF30F9E7000079
:101B10000A46042108B5FFF7B1FF80F00100C0B20A
:101B2000404208BD074B0A4630B41978064B53F8BB
:101B30002140014623682046DD69044BAC4630BC99
:101B4000604700BFE433002014220020A08601007B
:101B500070B50A4E00240A4D05F06EFA30802868F0
:101B60003388834208D905F063FA2B6804440133B3
:101B7000B4F5003F2B60F2D370BD00BFE633002008
:101B8000A033002005F032BB00F1006000F500300A
:101B90000068704700F10060920000F5003005F029
:101BA000A7BA0000054B1A68054B1B889B1A834295
:101BB00002D9104405F03CBA00207047A033002041
:101BC000E633002038B50446074D29B12868204483
:101BD000BDE8384005F044BA2868204405F02EFAE4
:101BE0000028F3D038BD00BFA0330020002070478C
:101BF00000F1FF5000F58F10D0F80008704700008A
:101C0000064991F8243033B100230822086A81F88C
:101C10002430FFF7BFBF0120704700BFA43300206E
:101C2000014B1868704700BF0010005C194B013869
:101C30000322084470B51D68174BC5F30B042D0C27
:101C40001E88A6420BD15C680A46013C82421346BC
:101C50000FD214F9016F4EB102F8016BF6E7013AA9
:101C600003F10803ECD181420B4602D22C2203F887
:101C7000012B0424094A1688AE4204D1984284BF3D
:101C8000967803F8016B013C02F10402F3D1581A73
:101C900070BD00BF0010005C2422002038920008B4
:101CA000022804D1054B4FF000629A617047012869
:101CB000FCD1024B4FF08062F7E700BF000C0258E6
:101CC000022804D1054B4FF400629A617047012845
:101CD000FCD1024B4FF48062F7E700BF000C0258C2
:101CE000022805D1064A536983F4006353617047A3
:101CF0000128FCD1024A536983F48063F6E700BFF0
:101D0000000C025870B504464FF47A764CB1412C61
:101D1000254628BF412506FB05F0641B04F00AFD9B
:101D2000F4E770BD002310B5934203D0CC5CC454DB
:101D30000133F9E710BD0000013810B510F9013F7B
:101D40003BB191F900409C4203D11AB10131013AF3
:101D5000F4E71AB191F90020981A10BD1046FCE77B
:101D600003460246D01A12F9011B0029FAD1704726
:101D700002440346934202D003F8011BFAE770477E
:101D80002DE9F8431F4D14460746884695F8242050
:101D900052BBDFF870909CB395F824302BB9202209
:101DA000FF2148462F62FFF7E3FF95F824004146E4
:101DB000C0F1080205EB8000A24228BF2246D6B23D
:101DC0009200FFF7AFFF95F82430A41B17441E4480
:101DD0009044E4B2F6B2082E85F82460DBD1FFF718
:101DE0000FFF0028D7D108E02B6A03EB8203834260
:101DF000CFD0FFF705FF0028CBD10020BDE8F88346
:101E00000120FBE7A4330020024B1A78024B1A7022
:101E1000704700BFE433002010220020F8B5194CB1
:101E2000194803F07FFF2146174803F0A7FF2468F5
:101E30004FF47A70154ED4F89020154DD2F804382E
:101E4000114F43F00203C2F80438FFF75BFF20464E
:101E5000104904F0A1F8D4F890200424D2F80438F2
:101E600023F00203C2F804384FF4E133336055F82D
:101E7000040BB84202D0314603F0B2FE013CF6D169
:101E8000F8BD00BF309A000818490020CC3300206C
:101E900014220020389A00080C4B70B50C4D0446F3
:101EA0001E780C4B55F826209A420DD00A4B002183
:101EB00018221846FFF75CFF0460014655F826001B
:101EC000BDE8704003F08CBE70BD00BFE43300205D
:101ED0001422002018490020CC3300202DE9F047BF
:101EE00071B6464B01201D68454BB3F800800023B6
:101EF0001A46194602F0C6FD0446802005F016FA7F
:101F00000746002862D0002C60D03E4EADB24FF0A4
:101F1000800A7369284643F0C0637361D6F81431B0
:101F200043F0C063C6F8143105F082F805EB0802EF
:101F300000FB05F34FF4D06C50434FF03D0E984238
:101F400033D93269520144D4D6F81021510140D41A
:101F5000216803F100628A602268D7602268C2F8B3
:101F600004A02268C2F800C0D4F80090D9F800207C
:101F700042F00102C9F80020D4F80090D9F80020FE
:101F800022F01E02C9F80020D4F80090D9F80020F1
:101F9000D207FBD494F80C90803361680EFA09F2F2
:101FA0000A60CCE7002005F021F9204602F0AAFDE6
:101FB000384605F0F7F9134B5A6942F0C0625A618E
:101FC000D3F8142142F0C062C3F8142161B6BDE811
:101FD000F0870D4B9A6A42F400729A629A6A42F450
:101FE00000429A6261B60026012005F0FFF8B04574
:101FF000D8D9A819013605F033F8F8E7A033002046
:10200000E63300200020005200ED00E030B50A4425
:10201000084D91420DD011F8013B5840082340F380
:102020000004013B2C4013F0FF0384EA5000F6D17A
:10203000EFE730BD2083B8ED0121884238BF084664
:1020400005F0ACB908B105F0ADB9704710B5084C52
:1020500001220849002001F0B3FE23783BB1064875
:1020600003F036FD044803F069FD0023237010BD22
:10207000E833002048920008C83600201D482DE9AA
:10208000F041036D2BB901224FF48051503005F01F
:10209000EBFA194E33780BB1FFF7D8FF0324174F33
:1020A0004FF00008134D15492846C7F8048003F087
:1020B00037FD284603F070FB48B1013C284603F089
:1020C0003DFD14F0FF04EED1204634700FE00C49C2
:1020D00001220C4801F074FE014618B1284603F0B5
:1020E000F7FCEAE7084800F011F801203070BDE87D
:1020F000F08100BFC8360020E83300203C220020D9
:1021000048920008EC3300204C9200080FB40020E5
:1021100004B070470068704703460068596870470C
:102120000B0A017043700B0C090E8370C17070476D
:10213000110A027003714170110C120E8170C2708D
:102140001A0A42711A0C1B0E8271C371704700008B
:10215000C36A0239023B8B4283BF4389006C01FB97
:102160000300002070470000C2F307238A76CB7675
:102170000378032B01BF120C0A75120A4A757047C7
:1021800000F10B010022D30143EA520310F8012BA6
:1021900052FA83F38842DAB2F5D110467047000054
:1021A00010B5417804460020013102464901022A57
:1021B00016BFA35C032203EBC03302F101021EBF72
:1021C0009BB203EB500398B29142F0D810BD0000CF
:1021D00002684AB1134613F8011B1F290DD93A2989
:1021E000F9D1911C8B4202D04FF0FF30704712782A
:1021F000302AF9D1036000207047014B18787047EE
:102200003836002038B50D46044618B90920002399
:102210002B6038BD0368002BF8D01A78002AF5D05F
:102220008188DA889142F1D1587804F01FFC10F0CF
:102230000100EBD12368EBE738B50D4640F252318F
:10224000144602F0B9F9FF2807D9012C0BD9030A6B
:10225000022468702B70204638BD30B1002CFAD0B3
:1022600001242870F7E70024F5E70446F3E70000AF
:102270002DE9F8430026D0F8008005460C468E76FE
:10228000836B002B4AD098F80030042B4BD1334697
:102290003546402720E0B7F5187F80F0C480F90666
:1022A00006F1010608BF0237D05B02372BB900F5F3
:1022B000205292B2B2F5006F0DD305F11A01C5F1AB
:1022C000FF0240EA03402144FFF7B6FF002800F078
:1022D000AA80054400200346D8F8102092F8231065
:1022E000B142D8D8002B40F09E80002D00F09B809A
:1022F00000232544AB766373D8F81020137903F0DC
:102300003701DB0621730BD402F13800FFF704FF1D
:10231000C4E9000193896381D3892381BDE8F883EF
:1023200000200146F4E7C36C01335ED1EA6B002361
:102330002E26551E184615F8011F013020290CD0F5
:10234000052908BFE521092804D10B2B9EBFE718FA
:1023500001337E73E718013379730B28EBD1E11851
:1023600000204873A17E00294BD1002B40D06FF094
:102370000C0604F10D000825361B331810F8011B5C
:10238000002938D02E298BB24AD0A3F14101192956
:1023900003D8117B0D4200D020330373EDE7B9F170
:1023A000000F05D100F520539BB2B3F5006F0BD39E
:1023B00007F11A01C7F1FF0240EA09402144FFF783
:1023C0003BFF48B10744002002368146D8F80C3064
:1023D000985B0028E3D13846B9F1000F4FF00002B6
:1023E00018BF002023189A76A0E7B1463746EDE7DC
:1023F0003F23A3760123234400219976137B03B95D
:102400006373D37A02F11C0003F03F0323730023AC
:10241000FFF780FE20606360D38A6381138B7CE7C3
:1024200010250B46B9E73F230125A37660E700009E
:1024300038B50546002435F8020B08B9204638BDEA
:1024400002F0EEF86308C2B203EBC43312FA83F36E
:102450009AB2C0F3072303EB520303EBC2339CB2DF
:10246000E9E7000037B5C37804461BB900252846C4
:1024700003B030BD00F14C01826C01234078019122
:1024800004F01AFB054680B9A36BE070A06C226BC8
:10249000C31A9342EAD2A3780199022BE6D10244EF
:1024A0000123607804F008FBE1E70125DFE7000085
:1024B00038B5836C05460C468B4210D0FFF7D2FF2F
:1024C00060B92246012305F14C01687804F0D0FA86
:1024D00000281CBF4FF0FF340120AC6438BD002041
:1024E000FCE7000038B500230446C3704FF0FF330B
:1024F0008364FFF7DDFF00284BD1B4F84A524AF657
:1025000055239D4207D10B22254904F14C0006F0CA
:10251000CDFD00283FD094F84C30EB2B03D018337E
:10252000DBB2012B2ED84AF655239D4206D1082254
:102530001C4904F19E0006F0B9FD48B3B4F85730C9
:10254000B3F5007F1ED194F85930DBB15A1E1A4200
:1025500018D1B4F85A30ABB194F85C30013B012B80
:1025600010D8B4F85D306BB1B4F85F307F2B06D86B
:1025700004F16C00FFF7CEFDB0F5803F02D3B4F854
:10258000623053B94AF6552085420CBF0220032021
:1025900038BD0420FCE70120FAE70020F8E700BF7F
:1025A000789200088492000802392DE9F04701F082
:1025B00007044FF0010A466C05460AFA04F4174670
:1025C000984606EB1136C1F3C809E4B231462846F5
:1025D0000136FFF76DFF18B10120BDE8F08799467D
:1025E00005EB090292F84C30234214BF012100216F
:1025F000414513D06340013F82F84C3085F803A079
:10260000EBD0640014F0FF04EAD109F101030124C6
:102610004FF00009B3F5007FE1D1D7E70220DCE7F6
:1026200001290246F8B50C4640F28C800668F36A30
:102630008B4240F287803378013B032B00F282808B
:10264000DFE803F00229384B04EB5405B16B304648
:1026500001EB5521FFF72CFF10B14FF0FF30F8BD13
:102660006F1CC5F30805B16B3046354401EB5721AB
:1026700095F84C50FFF71CFF0028EED1C7F3080770
:10268000E3073E4496F84C0045EA00204CBF0009A1
:10269000C0F30B00E3E7B16B304601EB1421FFF709
:1026A00007FF0028D9D1640004F4FF742644B6F86B
:1026B0004C00D4E7B16B304601EBD411FFF7F8FEC4
:1026C0000028CAD1A40006F14C0004F4FE74204492
:1026D000FFF720FD20F07040C1E7D0E90430D57944
:1026E00053EA000101D0916801B95DBB9168022DE8
:1026F000A4EB01010DD1013B728940F1FF305B0A6F
:1027000043EAC053B3FBF2F399421BD81CD0601CC0
:10271000A5E7032D02D193698B42F8D8D3699BB901
:10272000B16B304601EBD411FFF7C2FE002894D103
:10273000A0004C3600F4FE703044FFF7EBFC20F0B4
:1027400000408CE701208AE76FF0004087E7000037
:10275000F8B5066804460D463378042B0CBF4FF0DD
:1027600080524FF400128A4201D80220F8BDCA06F6
:10277000FBD182680163D2B9022B13D83389B3EB42
:10278000551FF2D9F36BA363A36B6263002BECD0EC
:1027900003EB55234C36C5F308050020A3633544ED
:1027A000E563E3E7F36BC271002BE7D01A46778944
:1027B0007F02BD42114604D23046FFF7C9FCA06338
:1027C000E2E72046FFF72CFF431C024606D0012813
:1027D000CBD9F36A8342C8D9ED1BEAE70120C5E7EC
:1027E00001292DE9F04706460C46174608D9C36A69
:1027F0008B4205D90378022B62D003D8012B22D05B
:10280000022552E0033B012BFAD8816B01EBD41176
:10281000FFF74EFE0546002847D1A40006F14C0301
:1028200004F4FE741C443378042B07D0204627F0B0
:102830007047FFF76FFC00F07040074339462046B1
:10284000FFF76EFC2FE001EB5108816B01EB582183
:10285000FFF72EFE054640BB14F0010406F14C09BB
:1028600008F1010AC8F3080808BFFBB230461FBFD1
:1028700019F8083003F00F023B0103F0F00318BF12
:10288000134309F808300123B16BF37001EB5A21AF
:10289000FFF70EFE054640B9CAF3080A44B1C7F374
:1028A000071709F80A700123F3702846BDE8F0877E
:1028B00019F80A30C7F3032723F00F031F43F0E78B
:1028C000816B01EB1421FFF7F3FD05460028ECD1E5
:1028D000640006F14C0304F4FF741F551919C7F383
:1028E00007274F70DFE70000F8B504460E4617468D
:1028F000E3690BB91846F8BD012BA6EB0305206868
:1029000014BFAA1C3A46691CFFF76AFF0028F2D1DF
:10291000E369013BE361EBE701292DE9F843064652
:102920000C461746056802D80220BDE8F883EB6A1A
:102930008B42F9D97AB9A14621463046A046FFF725
:102940006FFE0446B0B92B78042B02D1002F43D17F
:10295000F7710020E9E72B78042B02D1C379022B11
:10296000E9D04FF0FF3239462846FFF739FF0028FB
:10297000E1D0DAE70128D7D0421C01D10120D4E709
:102980002B78042B19D1EA6AAB69023A93421CD323
:1029900008F10102A2420CD02B78042B08D10023AD
:1029A000A2EB090249462846FFF7FEFD0028BCD1EC
:1029B000A146EB6AA342BFD8C5E70022414628469C
:1029C000FFF70EFF0028DED0AFE70133AB612B79B4
:1029D00043F001032B71DBE7F3798BB9B468BC4298
:1029E00002D10223F371B4E721463046FFF718FE07
:1029F000012899D9431CC1D001348442EFD0A8E703
:102A0000032BA6D1B368BB42A3D8B2691344BB421F
:102A10009FD3E6E770B5C3790446032B06D18168DE
:102A20008369CD18A94203D10023E371002070BD52
:102A30004E1C20683246FFF7D3FE0028F7D13146FE
:102A4000F0E700002DE9F74305460191FFF70AFD85
:102A50000446002849D105F14C09019928464FF454
:102A60000072FFF775FB2146A86407464846FFF74A
:102A70007FF96C896402B4F5004F28BF4FF400441D
:102A8000B4F5007F2FD9204604F090FC804630B189
:102A900022460021640A0026FFF76AF909E064086B
:102AA000EEE72346BA194146687804F005F818B9EC
:102AB00026446B899E42F4D3404604F087FC688923
:102AC000801B18BF012003B0BDE8F08301366B897D
:102AD0009E42F4D20123BA194946687803F0ECFF0C
:102AE0000028F3D0EBE70026F1E70120EBE7000038
:102AF000F8B50446FFF7B6FC0546002842D1237816
:102B0000032B37D12779012F34D104F14C0601462C
:102B10004FF400723046FFF72BF955234122722102
:102B200084F84A32AA2304F50D7084F84F2084F803
:102B30004B32522384F8301284F84C3084F84D30F4
:102B4000612384F8311284F84E3084F83332A1695D
:102B500084F83222FFF7E4FA616904F50E70FFF79A
:102B6000DFFA626B3B46314601326078A26403F0C3
:102B7000A3FF257100226078114603F0C1FF0038E1
:102B800018BF0120F8BD000000232DE9F0430B60C1
:102B900085B00F461546FFF71BFB061EC0F2B2813B
:102BA000804B53F82640002C00F0AE813C6005F0CD
:102BB000FE0523786BB1607803F058FFC70708D48F
:102BC0001DB110F0040500D00A25284605B0BDE867
:102BD000F0830023F0B22370607003F033FFC1076D
:102BE00000F194810DB14207EED400212046FFF799
:102BF00079FC022840F099806E4604F2122304F218
:102C00005221324618461033FFF784FA42F8040B7B
:102C10008B42F7D1002556F8041B00297DD02046B1
:102C2000FFF760FC012879D80128A26C40F0C08031
:102C300004F1570304F18C0113F8015B002D7BD1E3
:102C40008B42F9D1B4F8B430B3F5807F74D194F8E5
:102C5000B830092B70D104F19400FFF75DFA4FF002
:102C6000FF33171841F10001BB4275EB010363D339
:102C700004F1A000FFF74EFA94F8BA302063012B5C
:102C8000A37059D194F8B99003FA09F91FFA89F39E
:102C90006381002B50D0444B04F1A800FFF73AFAAF
:102CA0000646984248D8831C626304F1A400E3629C
:102CB000FFF730FA00EB020804F19C00C4F84080F2
:102CC000FFF728FA10441FFA89F2A06306FB02F30B
:102CD00013EB080345EB05029F4271EB02032BD374
:102CE0002E4604F1AC00FFF715FAE06365B963897D
:102CF000B34221D9E16B2046FFF72AFA8119204619
:102D0000FFF7D6FB98B90136631993F84C30812B45
:102D100014D02035C5F30805E8E703200135042D5C
:102D20007FF479AF042807D101E0042801D10125FF
:102D30004BE701287FF678AF0D2546E705F1140033
:102D400004F14C063044FFF7E5F901280546F3D9B4
:102D5000E36A8342F0D96189821E236C02FB01334E
:102D60006364A16B204601EBD511FFF7A1FB00289E
:102D7000DDD105F07F0006EB8000FFF7CBF9431CA7
:102D800003D00135A842ECD0D6E70425C4E90500FC
:102D9000064A257000251388E56101339BB2138034
:102DA000E38012E73C360020FDFFFF7F4036002025
:102DB000B4F85730B3F5007FBED1B4F8626026B9DD
:102DC00004F17000FFF7A6F9064694F85C3026631C
:102DD000591EA3700129AFD894F859506581002D70
:102DE000AAD0691E2942A7D1B4F85D8018F00F0F50
:102DF000A4F80880A0D1B4F85F0018B904F16C0001
:102E0000FFF788F9B4F85A10002995D006FB03FEA5
:102E100001EB181CF44460458ED3A0EB0C00A842D3
:102E2000B0FBF5F388D33E48834285D84FF6F57062
:102E300083426DD903259F1C114402EB0C03032D23
:102E4000E7626263A16323644CD1B4F8763053EA3D
:102E500008037FF471AFBB0004F17800FFF75AF963
:102E6000E06303F2FF13B6EB532FFFF465AF4FF0AF
:102E7000FF33032DC4E905334FF08003237187D15D
:102E8000B4F87C30012B83D1511C2046FFF710FB96
:102E900000287FF47DAFB4F84A224AF6552320710A
:102EA0009A427FF475AF1F4B04F14C00FFF732F9E3
:102EB00098427FF46DAF03F1FF5304F50C70FFF7F8
:102EC00029F903F50053203398427FF461AF04F5EC
:102ED0000D70FFF71FF9A06104F50E70FFF71AF9E6
:102EE000606155E7B8F1000F3FF426AF7144022D41
:102EF0004FEA4703E1631EBFD91907F0010303EB53
:102F00005103AEE70B2560E60C255EE603255CE683
:102F100040F6F575AB428CBF022501258BE700BF5B
:102F2000F5FFFF0F525261412DE9F84F0746056842
:102F3000884649B96E69C6B1EB6AB34298BF0126AB
:102F4000AB69A3B9002405E0FFF76AFB012804463A
:102F500003D801242046BDE8F88F421C00F0D2803F
:102F6000EB6A8342F6D84646EAE70126E8E72A7884
:102F7000EB6A042A40F08380A6F1020A023B4FF07C
:102F8000010B9A4528BF4FF0000AD146696C2846CC
:102F900001EB1931FFF78CFA00283BD109F0070348
:102FA000EA6AC9F3C8010BFA03F3901EDBB26A1890
:102FB0004C4609F1010992F84C20814502EA0302CE
:102FC00033BF5B0000234FF40071DBB228BF99468A
:102FD000B2B90234631E0333BCD80123214628460C
:102FE0001A46FFF7E1FA0228B3D0012800F08A80E0
:102FF000B8F1000F13D10223FB710028A9D130E0F2
:10300000CA450AD0002BD2D10131B1F5007FBDD223
:103010000123CCE74FF0FF34DCE70024DAE7FB794B
:10302000022B07D1731CA342E7D0BB68F31ABB6124
:103030000323FB7108F10102FB69A24205D113B120
:103040000133FB61D9E70223FBE70BB90123FB61E5
:10305000224641463846FFF747FC00284FD101235E
:10306000FB61EA6AAB69023A6C6193429CBF03F16F
:10307000FF33AB612B7943F001032B716AE74645BF
:1030800014D1741C3846A34298BF02242146FFF78E
:10309000C7FA01283FF45DAF431C33D0E0B16B6940
:1030A000012B03D9EA6A934238BF1E4634460134E5
:1030B000EB6AA34203D8012E7FF644AF02242146D7
:1030C0003846FFF7ADFA48B101283FF442AF01306E
:1030D00018D0B442EBD135E7002CE7D04FF0FF32E7
:1030E00021462846FFF77CFB48B9B8F1000FB8D05D
:1030F000224641462846FFF773FB0028B1D001283D
:103100007FF427AF4FF0FF3424E700002DE9F843A8
:1031100006680446076B894633782037042B0CBFBA
:103120004FF080534FF40013BB429CBF00238363D6
:10313000836B73B1C7F30808B8F1000F3CD10133BA
:10314000416B836339B93389B3EB571F34D80023FC
:10315000A36304200AE07389013B13EA57232BD1B0
:10316000FFF75EFA0128054602D80220BDE8F88381
:10317000421C01D10120F9E7F36A834216D8B9F164
:10318000000FE4D0616B2046FFF7CEFE0546C8B1C4
:103190000128EAD0431CEDD001463046FFF752FC2F
:1031A0000028E7D1E37943F00403E3712946304670
:1031B0006563FEF7CDFFA0634C36002027634644CD
:1031C000E663D3E70720D1E7F8B50E4600210446B1
:1031D0000768FFF7BDFA98B90546A16B3846FFF7B7
:1031E00067F968B93A78E36B042A1B780CD11B069F
:1031F0000ED5054601212046FFF788FF0028ECD0B8
:10320000042808BF072006E0E52B01D0002BF0D1F1
:103210000135B542EED1F8BDC16C4B1C2DE9F04132
:1032200004460568066B1FD1E5274FF00108A16B26
:103230002846FFF73DF998B92A78E36B042A09BFBD
:103240001A781F7002F07F021A7085F80380236BD2
:10325000B3420DD200212046FFF758FF0028E6D0E8
:10326000042808BF022003E0FFF772FA0028DBD031
:10327000BDE8F0812DE9F04105460068A96B0669BB
:10328000FFF716F9044620B9EB6B1A78852A03D0AC
:1032900002242046BDE8F081324603F1200153F8B4
:1032A000040B8B4242F8040BF9D1777801377F0188
:1032B000A7F16003B3F5007FEAD800212846FFF7A5
:1032C00025FF04280446E3D00028E2D1A96B286832
:1032D000FFF7EEF804460028DBD1EB6B1A78C02A22
:1032E000D6D106F1200203F1200153F8040B8B42E2
:1032F00042F8040BF9D196F823300F222C33B3FB9C
:10330000F2F3B7EB431FC3D34FF040080021284628
:10331000FFF7FCFE04280446BAD00028B9D1A96BF7
:103320002868FFF7C5F804460028B2D1EB6B1A787D
:10333000C12AADD1B8F5187F09D206EB080203F116
:10334000200153F8040B8B4242F8040BF9D108F129
:1033500020084745DAD8B8F5187F9AD83046FEF7E6
:103360001FFF7388834294D092E700000B6800220D
:1033700010B5036004460B6A83604B6AC261C37177
:1033800023F0FF03896AC0E90432C164FFF7E0F962
:1033900020B92046BDE81040FFF76CBF10BD00000B
:1033A000F8B50368054601271C692046FEF7F8FEBC
:1033B000A070000A6678E0702846E96CFFF7C8F94B
:1033C00020B1022828BF0220C0B2F8BDA96B28682E
:1033D000FFF76EF80028F4D1EB6B04F1200254F8EB
:1033E000041B944243F8041BF9D12B68DF70002EB4
:1033F000E7D000212846013EFFF788FEE0E7000005
:103400002DE9F8434FF0FF080646076804244546B7
:103410004FF6FF79B16B11B9002C73D063E03846D9
:10342000FFF746F8044600285DD1F06B0378002BC7
:103430006ED03A78042A11D1852B4DD1336B3046AA
:10344000F364FFF717FF044600284CD13B691B7952
:1034500003F03F03B3712046BDE8F883C27AE52B41
:1034600002F03F02B27143D02E2B41D022F0200156
:1034700008293DD00F2A40D1590637D503F0BF05A2
:10348000336B90F80D80F364437B434530D1428B1E
:1034900072BB03780D21FC6823F04003DFF874E071
:1034A000013B4B4301211EF801CB30F80CC009B39E
:1034B000FF2B1DD824F813C06146013301320D2AB9
:1034C000F1D10278520605D521B1FF2B10D8002288
:1034D00024F81320013DEDB200213046FFF716FE1F
:1034E0000446002896D00023B363B4E7AB42CBD0A8
:1034F000FF25F1E7CC45E1D0FAE72DB9FEF740FE14
:10350000404501D10024A6E74FF0FF33F364A2E762
:103510000424E8E7209300082DE9F04F002187B04C
:103520000446D0F80090FFF713F9804670B999F877
:103530000030042B33D1D9F80C00FEF779FF074691
:103540002046FFF75DFF054620B18046404607B0A4
:10355000BDE8F08FD9F810309A8CBA42F0D193F8C8
:1035600023B040265D4506D1D9F80C3033F815302C
:10357000002BE5D1EAE7F106D9F8103008BF023692
:10358000985B01F04DF8D9F80C30824633F81500FD
:1035900001F046F88245D3D102360135E2E74FF01B
:1035A000FF0A4FF0FF3B5546C4F84CB0A16B4846AC
:1035B000FEF77EFF00285CD1E66B3778002F77D0CE
:1035C000F27AE52F02F03F03A37103D0120704D56E
:1035D0000F2B04D0C4F84CB04FE00F2B54D194F80B
:1035E0004B3058063FD4790645D5236B07F0BF070B
:1035F00096F80DA0E364737B53453ED1738B002B8B
:103600003BD135780121D9F80C3005F03F05019305
:103610000D23013D5D43284B13F8012BB25A71B3C2
:10362000FF2D059329D81046049200F0F9FF6B1C7A
:1036300003900293019B33F8150000F0F1FF03990A
:1036400081421AD1049A029D1146059B1B4A93425E
:10365000E2D133785A0604D519B1019B33F81530FD
:103660005BB97D1EEDB200212046FFF74FFD00281B
:103670009CD080466AE7BD42BDD0FF25F3E74FF6F8
:10368000FF708242E2D0F8E72DB93046FEF778FDB0
:1036900050453FF45BAF94F84B30DB079AD40B22D4
:1036A00004F14001304605F001FD002892D14DE7BC
:1036B0004FF004084AE700BF209300082D9300084C
:1036C0002DE9F04F90F84BB099B004461BF0A005DF
:1036D00040F068810668F26832F81530002B4AD154
:1036E0003378042B40F087800F230E352046B5FB3E
:1036F000F3F5A91CFFF768FD8146002877D1236BFD
:103700000135A3EB4515E3795A07E56435D523F078
:1037100004032046E371FFF77DF950BB4FF0FF3201
:10372000616B2046FFF7E0F818BBA3682BB3214676
:1037300004A8FFF71BFEE0B970894FF40071D4E9CB
:103740000423E0FB01233069C4E904233830FEF789
:10375000EFFC3069D4E904232830FEF7E9FCE37973
:10376000326904A843F0010382F82130FFF718FE04
:1037700018B181463BE00135AEE7D6E9035440225B
:1037800000212046FEF7F4FA852301214022237010
:10379000C0234FF0C10C04EB010884F82030002353
:1037A0001E469E46571C04F802C0F0B2023204F8CE
:1037B00007E021B135F8131009B10133DBB20F0A6C
:1037C000A15408F802700232D706F2D135F813700E
:1037D0000136002FE6D184F82330831C284663701D
:1037E000FEF726FE84F82400000A84F825004846E7
:1037F00019B0BDE8F08F04F140070DF1100A1BF07D
:10380000010F97E807008AE8070000F0D380402303
:103810004FF0010884F84B30BC46F368B8F1050F4F
:103820009AE80700ACE803002CF8022B4FEA12429A
:103830008CF8002059D9981E424630F8021F002902
:1038400042D10DF10F0C072102F00F0E9146120923
:103850000EF13000392888BF0EF1370001390CF81D
:10386000010902D0B9F10F0FEED818AB7E205A181B
:1038700002F8580C38460022914206D010F801CBCD
:1038800002F1010EBCF1200F31D104F13F0C0729E8
:1038900002F1010297BF18AB20205818013198BFE0
:1038A00010F8580C072A0CF80200F0D92046FFF750
:1038B00033FE8146002878D108F10108B8F1640F81
:1038C000AAD14FF0070992E74FF0100C01F0010E5A
:1038D00049080EEB4202D30344BF82F4883282F0DF
:1038E0002102BCF1010CF1D1A7E74246A9E77246DB
:1038F000C2E7216B2046A1EB4511FEF729FF814667
:1039000000287FF474AF4FF6FF783846FEF738FC96
:103910000190A16B3046FEF7CBFD814600287FF475
:1039200066AFE36BE9B2019A4FF00D0CD6F80CE0EC
:103930005A734FF00F02DFF8E0A0DA724A1E1873D4
:103940000CFB02F284469876D87640451AF8019B23
:103950000CF1010C18BF3EF8120003EB090B18BF65
:10396000013203F809004FEA1029002808BF404639
:10397000BCF10D0F8BF80190E7D1404502D03EF825
:1039800012200AB941F0400119700123002120469C
:10399000F370FFF7BBFB814600287FF428AF013DA1
:1039A000B7D11BE04FF0060921E704287FF41FAFD1
:1039B00084F84BB01BF0020F20461BBF0C350D21C5
:1039C0000125B5FBF1F518BF01352946FFF7FCFBD2
:1039D000814600287FF40BAF013D8AD1A16B3046B0
:1039E000FEF766FD814600287FF401AF01462022E4
:1039F000E06BFEF7BDF9E36B03CF18605960BA784E
:103A000039889A72198194F84B30E26B03F01803ED
:103A100013730123F370EAE62093000810B50446FF
:103A20000A463430FEF776FB886004F13800FEF772
:103A300073FBC2E9040194F8213003F00203D3714F
:103A40000023D36110BD000003284B8B04BF8A8A7A
:103A500043EA0243184670472DE9F04F0B7899B0BE
:103A6000044689462F2BD0F800B001D05C2B09D139
:103A70004A461378914601322F2BFAD05C2BF8D0AE
:103A8000002301E0DBF81C30A3600023E3619BF816
:103A90000030042B1ED1A368E3B1DBF820302146AF
:103AA00004A82362DBF824306362DBF82830A362C9
:103AB000FFF75CFC0346002854D1DBF8102002F12C
:103AC0003800FEF727FBC4E9040392F8213003F025
:103AD0000203E37199F800301F2B00F23581802337
:103AE0000021204684F84B3019B0BDE8F04FFEF7B6
:103AF0002FBE49460B78894601312F2BFAD05C2B1B
:103B0000F8D01F2B8CBF00250425012F2FD113883F
:103B10002E2B31D1002322F8173004F140029F42AE
:103B20008CBF2E21202101330B2B02F8011BF6D173
:103B300045F02005204684F84B50FFF7EDFC94F843
:103B40004B30002800F0E78004280BD1990603F0E1
:103B5000040240F1DC80002A00F0F680802300207F
:103B600084F84B3019B0BDE8F08F0425CDE7022F63
:103B700002D153882E2BCAD0911E87BB002322F876
:103B80001730002F00F0118132F81300194601336D
:103B90002028F9D009B92E2801D145F00305901E3F
:103BA00030F817302E2B01D0013FF9D14FF02033E0
:103BB0004FF0000A6364D0462364C4F847300823FA
:103BC000481C32F811600090F6B1202E03D02E2E42
:103BD0000DD1B84210D045F003050099F0E731F857
:103BE0001730202B01D02E2BC8D1013FC5E79A45B5
:103BF00005D20099B9423BD10B2B30D101E00B2B00
:103C000027D145F003050B2394F84020E52A04BF93
:103C1000052284F84020082B04BF4FEA88085FFA89
:103C200088F808F00C030C2B03D008F00303032BD7
:103C300001D145F00205A8073FF57CAF18F0010F50
:103C400018BF45F0100518F0040F18BF45F008051F
:103C500070E70099B94202D045F00305D4D84FEA85
:103C600088080B234FF0080A00975FFA88F8B4E73A
:103C70007F2E15D9304640F25231CDE9022345F06E
:103C80000203019300F098FC10F0800F0646DDE976
:103C9000022316D000F07F0646498E5D019D46B393
:103CA00031464548CDE9012305F02AFADDE9012333
:103CB000F8B9A6F1410189B219291ED848F00208C5
:103CC00010E0FF28EAD9591E8A4503D345F00305C1
:103CD0009A4682E704EB0A01000A0AF1010A019DF3
:103CE00081F8400004EB0A010AF1010A81F8406002
:103CF00073E745F003055F26F4E7A6F1610189B299
:103D000019299EBF203E48F00108B6B2EAE7002A12
:103D100008BF052026E75A073FF524AFA379DB0645
:103D200045D59BF80000042835D1A3682146E279E7
:103D300023622369DBF8100023F0FF03134363625F
:103D4000E36CA362FFF76AFE23680027DA6819F8BC
:103D5000010B00283FF409AF40F25231009200F00D
:103D60004BFC054608B31F28009A7FF6FEAE2F28AD
:103D70003FF4BFAE5C283FF4BCAE7F2805D80146B7
:103D80000E4805F0BDF9009A78B9FF2F0DD022F842
:103D900017500137DBE7216B0BF14C03C1F308012E
:103DA0001944FFF751FEA060CEE70620DAE60520B1
:103DB000D8E600BFA09200089992000890920008EF
:103DC0001FB5CDE9001003A814460391FEF700FAD1
:103DD000002815DB0B4A52F820300BB10021197076
:103DE000019B0BB10021197042F820302CB1002248
:103DF00001A96846FEF7C8FE0446204604B010BD7F
:103E00000B24FAE73C3600202DE9F04798B09046A5
:103E100005460191002800F0528102F03F0603A9F7
:103E200001A83246FEF7B0FE002840F04681039B11
:103E30004FF48C60049303F0B9FA0746002800F0B1
:103E40004081039B00F500720199D86004A81A61B3
:103E5000FFF702FE044620B99DF95B30002BB8BF86
:103E6000062418F01C0F00F0CD80002C4CD0042C40
:103E700040D104A8FFF724FC044600283AD146F0BC
:103E80000806039B1A78042A40F0838018692946A3
:103E90002B60FFF7C3FD039B1E220021186902302F
:103EA000FDF766FF039C00211A2220692630FDF7EA
:103EB0005FFF236920221A71246903F0B1FA0146D9
:103EC000012208342046FEF72BF9039B04A81B6946
:103ED00083F82120FFF764FA044658B9A96801B3B2
:103EE00002462846FEF718FDAB68039A0446013BDC
:103EF0005361B4B1384603F069FA0CB100232B606A
:103F0000204618B0BDE8F0879DF8163013F0110F69
:103F100040F0848018F0040F40F0C98018F0080FBA
:103F2000AFD1039A31071399936C48BF46F040060E
:103F3000E964AB641078042872D1069B9DF81710D1
:103F40002B62089B106923F0FF030B4329466B6229
:103F5000179BAB62FFF762FDDDF80CA00024002286
:103F600005F15008BAF8063021464046C5F800A0D1
:103F7000AB80002385F8306085F831406C64C5E97A
:103F80000E234FF40072FDF7F3FEB20653D4002463
:103F9000B0E703F045FA0146009013980E30FEF7A3
:103FA000BFF8139800991630FEF7BAF8039C1399DE
:103FB0002078FFF749FD202300228046CB7220465F
:103FC0001399FEF7D1F8139B002201211A775A7733
:103FD0009A77DA77039BD970B8F1000FA1D04146E8
:103FE00004A8D3F84890FEF797FC0446002881D136
:103FF00049460398FEF75CFA039B044608F1FF303C
:10400000586176E7002C7FF475AF9DF81630DC061A
:104010004FD418F0020F84D0D80782D5072469E75F
:10402000FFF712FD0023A86001F11C00FEF772F8F3
:104030006B61286190E7D5E9046956EA0903A6D0C7
:10404000BAF80AA0A9684FEA4A2AC5E90E69B2453A
:1040500074EB09031BD300242964002C7FF44AAFBE
:10406000C6F30803002B92D0039C2046FEF770F89D
:1040700008B3760A0123414646EAC95682196A64A2
:10408000607802F0F5FC041E18BF012432E72846D0
:10409000FEF7C6FAB6EB0A06014669F100090128E7
:1040A00003D9431CD3D10124D6E70224D4E7082442
:1040B00020E704241EE702241CE704461EE7092427
:1040C0001EE711241CE700002DE9F04F994685B04A
:1040D0000023884603A90446C9F800301646FEF7B7
:1040E00091F8054680BB94F831506DBB94F83030A0
:1040F00013F00103009300F0A68004F1500AD4E904
:104100000432D4E90E011B1A62EB0102B34272F1D0
:10411000000238BF1E46BEB1D4E90E10C1F3080339
:10412000002B40F08280039B5A894B0A013A43EAF4
:10413000C0531A401BD151EA000309D1A0680128DD
:104140000DD8022584F83150284605B0BDE8F08F1F
:10415000216C20460192FEF763FA019AEFE7431CB7
:1041600004D10123009D84F83130EDE72064DDF8AF
:104170000CB0216C5846FDF7EBFF0028E1D0B6F5F6
:10418000007F02EB000731D3BBF80A1002EB562088
:10419000730A88429BF8010088BF8B1A3A46414651
:1041A000019302F065FC0028DBD194F93020019BDB
:1041B000002A0BDA606CC01B984207D24FF40072E1
:1041C000514608EB4020FDF7ADFD019B5F02D9F899
:1041D0000030F61BB8443B44C9F80030D4E90E3235
:1041E000DB1942F10002C4E90E3294E7626CBA4274
:1041F0001AD094F93030002B0DDA012351469BF888
:10420000010002F059FC0028ABD194F8303003F0E3
:104210007F0384F83030039801233A4651464078B2
:1042200002F026FC00289CD16764A16B4046C1F3D4
:104230000801C1F500775144B74228BF37463A46D6
:10424000FDF770FDC3E707257EE7000070B596B067
:104250000E460022019002A901A8FEF795FC044633
:10426000E0B94FF48C6003F0A1F80546D8B1029B89
:1042700000F500720199D86002A81A61FFF7ECFB03
:10428000044640B99DF95330002B0ADB1EB131467C
:1042900002A8FDF7EDFF284603F098F8204616B077
:1042A00070BD0624F7E71124F8E7000070B5B8B038
:1042B0000222019003A901A8FEF766FC044608BB90
:1042C000039B4FF48C60109303F070F805460028B0
:1042D00066D0039B00F500720199D86010A81A619E
:1042E000FFF7BAFB044650B99DF88B30980655D4B9
:1042F000190653D49DF84630DA0706D50724284618
:1043000003F064F8204638B070BD039B049318781E
:10431000042814D104A91869FFF780FB069E9DF8B4
:104320004630DB0610D410A8FEF776FF04460028BE
:10433000E5D156BB0398FEF7DBFB0446DFE71F9988
:10434000FFF782FB0646EAE7039BDA69B242D5D063
:1043500024930021269624A81B78042B01BFDDE9B5
:104360000823CDE928239DF817308DF89730FEF704
:10437000EFF904460028C2D124A8FFF741F804460B
:104380000028BBD00428BAD1CDE70246314604A8A4
:10439000FEF7C2FA04460028B1D1CBE70624AEE707
:1043A0001124AFE7F0B5BDB0CDE900106846FDF7C8
:1043B0000FFF022203A901A8FEF7E6FB044600282E
:1043C00041D1039B4FF48C60149302F0EFFF05463C
:1043D000002800F0EE80039B00F5007214AE0199F6
:1043E000D8601A613046FFF737FB044640BB9DF8A2
:1043F0009B3013F0A00F40F0D880039B009F1A78E9
:10440000042A68D11B6904AC03F1400C1868083316
:1044100053F8041C2246634503C21446F6D15022C9
:10442000314628A8FDF77EFC394628A8FFF714FB83
:10443000044600284CD12A9A169B9A4206D008249A
:10444000284602F0C3FF20463DB0F0BD349A209BC1
:104450009A42F4D128A8FFF733F904460028EFD197
:10446000039B04AF1B6993F801E093F823C09C8C75
:104470003A46083303CAB24243F8080C43F8041C16
:104480001746F5D1039B28A81B6983F801E0039B1D
:104490001A6982F823C01A6982F82440240A82F833
:1044A00025401A691379D9065CBF43F020031371C4
:1044B000FEF776FF04460028C2D13046FEF7ACFE78
:1044C00004460028BCD10398FEF712FB0446B7E768
:1044D0000428B5D1BEE7239A04AB02F1200C106882
:1044E000083252F8041C1C46624503C42346F6D128
:1044F0005022314628A8FDF715FC394628A8FFF7B9
:10450000ABFA044600284CD12A9A169B9A4296D1BF
:10451000349A209B9A4292D128A8FFF7D1F80446FA
:1045200000288DD137990DF11D030DF12D0001F1FA
:104530000D0253F8044B834242F8044BF9D118881A
:10454000012710809B7893709DF81B30039CDA063E
:1045500058BF43F02003CB72E770CB7ADB06ACD5B3
:10456000169A2A9B9A42A8D02078FFF76DFA014646
:104570002046FDF7EDFD0146C8B12046FDF798FF46
:10458000044600287FF45CAF039890F86D302E2B22
:1045900093D12A9A00F16C01FDF7E6FD039BDF70D1
:1045A0008BE704287FF44CAFB6E7062448E70224E3
:1045B00046E7112447E700007F2810B501D880B2F4
:1045C00010BDB0F5803F13D240F2523399420FD163
:1045D0000849002231F8024B93B2844203D103F11F
:1045E0008000C0B2ECE70132802AF3D11346F6E72F
:1045F0000020E5E7E09500087F280DD940F252330E
:10460000994208D1FF2806D800F10040034B8038BA
:1046100033F8100070470020704700BFE095000895
:10462000B0F5803FF0B522D21F4A83B21F49B0F5E2
:10463000805F28BF0A46141D34F8042C2146AAB115
:10464000934213D334F8025C2E0AEFB252FA85F586
:10465000A84222DA082E09D8DFE806F0050A10126F
:104660001416181A1C00801A34F810301846F0BDC1
:10467000981A00F001001B1A9BB2F7E7103BFBE70A
:10468000203BF9E7303BF7E71A3BF5E70833F3E760
:10469000503BF1E7A3F5E353EEE70434002ECBD112
:1046A00001EB4702C7E700BF3093000824950008DC
:1046B00008B5074B074A196801F03D019960536836
:1046C0000BB190689847BDE8084003F0CBB800BF35
:1046D000000002404436002008B5084B19688909DB
:1046E00001F03D018A019A60054AD3680BB1106957
:1046F0009847BDE8084003F0B5B800BF000002408D
:104700004436002008B5084B1968090C01F03D013A
:104710000A049A60054A53690BB190699847BDE84D
:10472000084003F09FB800BF00000240443600205C
:1047300008B5084B1968890D01F03D018A059A609A
:10474000054AD3690BB1106A9847BDE8084003F0E9
:1047500089B800BF000002404436002008B5074B6E
:10476000074A596801F03D01D960536A0BB1906A5C
:104770009847BDE8084003F075B800BF000002404C
:104780004436002008B5084B5968890901F03D01FD
:104790008A01DA60054AD36A0BB1106B9847BDE80D
:1047A000084003F05FB800BF00000240443600201C
:1047B00008B5084B5968090C01F03D010A04DA609C
:1047C000054A536B0BB1906B9847BDE8084003F066
:1047D00049B800BF000002404436002008B5084B2D
:1047E0005968890D01F03D018A05DA60054AD36BED
:1047F0000BB1106C9847BDE8084003F033B800BF18
:10480000000002404436002008B5074B074A1968EB
:1048100001F03D019960536C0BB1906C9847BDE875
:10482000084003F01FB800BF0004024044360020D7
:1048300008B5084B1968890901F03D018A019A60A1
:10484000054AD36C0BB1106D9847BDE8084003F0E2
:1048500009B800BF000402404436002008B5084BE8
:104860001968090C01F03D010A049A60054A536D6C
:104870000BB1906D9847BDE8084002F0F3BF00BF50
:10488000000402404436002008B5084B1968890D21
:1048900001F03D018A059A60054AD36D0BB1106E97
:1048A0009847BDE8084002F0DDBF00BF00040240A9
:1048B0004436002008B5074B074A596801F03D010E
:1048C000D960536E0BB1906E9847BDE8084002F076
:1048D000C9BF00BF000402404436002008B5084BA1
:1048E0005968890901F03D018A01DA60054AD36EF1
:1048F0000BB1106F9847BDE8084002F0B3BF00BF8E
:10490000000402404436002008B5084B5968090CE1
:1049100001F03D010A04DA60054A536F0BB1906F54
:104920009847BDE8084002F09DBF00BF0004024068
:104930004436002008B5084B5968890D01F03D0147
:104940008A05DA60054AD36F13B1D2F88000984720
:10495000BDE8084002F086BF000402404436002053
:1049600000230C4910B51A460B4C0B6054F8230079
:10497000026001EB430004334260402BF6D1074A4A
:104980004FF0FF339360D360C2F80834C2F80C34A0
:1049900010BD00BF44360020E09600080000024031
:1049A0000F28F8B510D9102810D0112811D01228CE
:1049B00008D10F240720DFF8C8E00126DEF80050F8
:1049C000A04208D9002653E00446F4E70F24002053
:1049D000F1E70724FBE706FA00F73D424AD1264CEF
:1049E0004FEA001C3D4304EB00160EEBC000CEF86E
:1049F0000050C0E90123FBB273B12048D0F8D83091
:104A000043F00103C0F8D830D0F8003143F001037F
:104A1000C0F80031D0F8003117F47F4F0ED017489E
:104A2000D0F8D83043F00203C0F8D830D0F80031C5
:104A300043F00203C0F80031D0F8003154F80C0004
:104A4000036823F01F030360056815F00105FBD11F
:104A500004EB0C033D2493F80CC05F6804FA0CF4DB
:104A60003C6021240560446112B1987B00F0CAFCCF
:104A70003046F8BD0130A3E7E09600080044025834
:104A80004436002010B5302484F31188FFF788FFE6
:104A9000002383F3118810BD10B50446807B00F01D
:104AA000C7FC01231549627B03FA02F20B6823EA73
:104AB0000203DAB20B6072B9114AD2F8D81021F0B1
:104AC0000101C2F8D810D2F8001121F00101C2F89A
:104AD0000011D2F8002113F47F4F0ED1084BD3F808
:104AE000D82022F00202C3F8D820D3F8002122F007
:104AF0000202C3F80021D3F8003110BD4436002073
:104B00000044025808B5302383F31188FFF7C4FF2F
:104B1000002383F3118808BD836CC26A8B425068FE
:104B200010B506D95A1E4C0002EB4103B3FBF4F357
:104B3000184410BD01F001038A0748BF43F0020387
:104B40004A0748BF43F008030A0748BF43F004037D
:104B5000CA0648BF43F010038A06426B48BF43F0C1
:104B6000200313434363704710B5074C204600F001
:104B7000CBFF064B0022C4E91023054BA364054B71
:104B8000E363054BE36410BDC836002000240248EF
:104B900000B4C4041C3700201C390020C36A0BB9C0
:104BA000104BC3620379012B11D10F4B98420ED1E8
:104BB0000E4BD3F8DC2042F40072C3F8DC20D3F8AB
:104BC000042142F40072C3F80421D3F80431436C89
:104BD00000221A65DA621A605A605A624FF0FF3298
:104BE0009A637047E0970008C836002000440258D6
:104BF0000379012B1BD0436C00221A65DA621A601C
:104C00005A605A624FF0FF329A63094B98420ED1B4
:104C1000084BD3F8DC2022F40072C3F8DC20D3F870
:104C2000042122F40072C3F80421D3F80431704740
:104C3000C83600200044025810B5446C0649FFF7FE
:104C40006BFF6060236842F2107043F0030323603F
:104C5000BDE8104001F06EBD801A06000129F8B5CC
:104C6000466C0B4F09D175680A493D40FFF754FF68
:104C7000054345F480557560F8BD746806493C40AD
:104C8000FFF74AFF044344F480547460F4E700BF24
:104C900000ECFFFF80F0FA0240787D01436C0022B7
:104CA0005A601A6070470000426C0129536823F46F
:104CB000404304D0022905D001B95360704743F442
:104CC0008043FAE743F40043F7E70000436C41F404
:104CD00080519A60D9605A6B1206FCD580229A6383
:104CE0007047000010B541F48851446CA260E16047
:104CF000616B11F04502FBD0A26311F0040203D0F6
:104D0000FFF718FF012010BD616910461960FAE72E
:104D100010B541F48851446CA260E160616B11F000
:104D20004502FBD0A26311F0050203D0FFF702FF9A
:104D3000012010BD616910461960FAE773B513468A
:104D400004460E46302282F31188426CD26B32B197
:104D50004FF0FF314030019301F0F8FC019B606C93
:104D600000220265C263C262456B15F4807504D1EE
:104D700085F31188012002B070BD4FF0FF318163CF
:104D800082F31188012E06D90C21204602B0BDE81D
:104D90007040FFF7BDBF1046EDE7000073B5446CEF
:104DA0000E4600250192616BA1632565E562FFF760
:104DB000C1FE012E07D9019B2A460C2102B0BDE895
:104DC0007040FFF7A5BF02B070BD000010B541F400
:104DD0009851446CA260E160616B11F04502FBD018
:104DE000A26311F03F0203D0FFF7A4FE012010BD23
:104DF000216A10461960E1695960A1699960616989
:104E0000D960F4E72DE9F74304460191006D01A94B
:104E10001746984602F040FC064600284AD0626CCD
:104E20002046DDF804905568C5F3090501356B008F
:104E3000A56CB5FBF3F54FF47A73B5FBF3F55D4361
:104E4000556200F027FE50BB636C4FF0FF32012526
:104E50004146C3F8589020461D659A634FF49572F9
:104E6000DA6342F207029F62DA62E36C0A9AFFF7A2
:104E70004FFFA0B9E26C104B11680B407BB929467B
:104E80002046FFF75BFF054648B92E463A46019992
:104E9000206D02F039FC304603B0BDE8F0833A469D
:104EA0000199206D02F030FCE26C01212046FFF7F1
:104EB00075FFF0E70126EEE708E0FFFD2DE9F74377
:104EC0001F46436C01924FF47A725D68044688462F
:104ED000C5F3090501356E00856CB5FBF6F5B5FB2C
:104EE000F2F555435D6200F0D5FD20B1012528465D
:104EF00003B0BDE8F0837E0201A9206D324602F0C6
:104F0000CBFB05460028F1D0636C019AD4F84C9095
:104F10009A6501221A654FF0FF329A634FF4957239
:104F2000DA639E62236BDB064B4658BF4FEA482884
:104F3000012F42461BD912212046FFF7E9FEC0B9D6
:104F4000D9F80020104B13409BB9636C42F29302D6
:104F500039462046DA62E26CFFF7F0FE804640B93F
:104F600032460199206D454602F0CEFBBFE7112184
:104F7000E2E732460199206D02F0C6FBE26C394649
:104F80002046FFF70BFFB2E708E0FFFD2DE9F341F4
:104F90001F46436C01924FF47A725D68044688465E
:104FA000C5F3090501356E00856CB5FBF6F5B5FB5B
:104FB000F2F555435D6200F06DFD20B101252846F4
:104FC00002B0BDE8F0817E0201A9206D324602F0F8
:104FD000B3FB05460028F1D0636C019A9A65012263
:104FE0001A654FF0FF329A634FF48D72DA639E6256
:104FF000236BE66CDB06334658BF4FEA4828012F87
:10500000424619D919212046FFF782FEB0B932680D
:105010000F4B134093B9636C42F29102394620461C
:10502000DA62E26CFFF78AFE064638B90199354626
:10503000206D02F0BDFBC2E71821E4E70199206D65
:1050400002F0B6FBE26C39462046FFF7A7FEB6E752
:1050500008E0FFFD12F0030F2DE9F04107460C4672
:1050600015461E4617D00E44B44202D10020BDE8BA
:10507000F0810123FA6B21463846FFF71FFF002815
:10508000F5D128464FF40072F96B05F5007501342F
:10509000FCF748FEE8E7BDE8F041FFF70FBF00006E
:1050A00012F0030F2DE9F04107460C4615461E4647
:1050B00017D00E44B44202D10020BDE8F081294649
:1050C0004FF40072F86B05F50075FCF72BFE012319
:1050D000FA6B21463846FFF759FF0028EDD101341D
:1050E000E8E7BDE8F041FFF751BF0000002070473E
:1050F000302310B583F311880024436C40302146DF
:10510000DC6301F031FB84F3118810BD0268436851
:105110001143016003B1184770470000024A136849
:1051200043F0C0031360704700480040024A136810
:1051300043F0C0031360704700500040024A1368F8
:1051400043F0C0031360704700780040064BD3F86B
:10515000E8200243C3F8E820D3F810211043C3F835
:105160001001D3F8103170470044025837B5274C6E
:10517000274D204600F028FD04F114000094002380
:105180004FF40072234900F0C3F94FF40072224932
:1051900004F138000094214B00F03CFA204BC4E9A4
:1051A0001735204C204600F00FFD04F11400009448
:1051B00000234FF400721C4900F0AAF94FF400726A
:1051C0001A4904F138000094194B00F023FA194BE6
:1051D000C4E91735184C204600F0F6FC04F1140021
:1051E00000234FF400721549009400F091F9144B1C
:1051F0004FF40072134904F13800009400F00AFAE9
:10520000114BC4E9173503B030BD00BF2039002071
:1052100000E1F505643A0020644000201D510008BB
:10522000004800408C390020643C0020644200208B
:105230002D51000800500040F8390020643E002045
:105240003D510008644400200078004038B5264DE8
:105250000446037C002918BF0D46012B06D1234BC1
:10526000984230D14FF48020FFF770FF2A68236EF8
:10527000E16D03EB5203A566B3FBF2F36A68100419
:1052800042BF23F0070003F0070343EA4003CB606B
:10529000AB6843F040034B60EB6843F001038B6065
:1052A00042F4967343F001030B604FF0FF330B623F
:1052B000510505D512F0102211D0B2F1805F10D047
:1052C00084F8643038BD0A4B984205D0094B9842A7
:1052D000CCD14FF08040C7E74FF48010C4E77F2364
:1052E000EEE73F23ECE700BFE897000820390020F5
:1052F0008C390020F83900202DE9F047C66D0546AD
:105300003768F469210734621AD014F0080118BF15
:105310004FF48071E20748BF41F02001A3074FF02E
:10532000300348BF41F04001600748BF41F08001B1
:1053300083F31188281DFFF7E9FE002383F311880A
:10534000E2050AD5302383F311884FF48061281DCC
:10535000FFF7DCFE002383F311884FF030094FF094
:10536000000A14F0200838D13B0616D54FF030095A
:1053700005F1380A200610D589F31188504600F04F
:105380007DF9002836DA0821281DFFF7BFFE27F037
:1053900080033360002383F31188790614D56206F5
:1053A00012D5302383F31188D5E913239A4208D10B
:1053B0002B6C33B127F040071021281DFFF7A6FE04
:1053C0003760002383F31188E30618D5AA6E1369AA
:1053D000ABB15069BDE8F047184789F31188736A8B
:1053E000284695F86410194000F008FC8AF31188EB
:1053F000F469B6E7B06288F31188F469BAE7BDE8EA
:10540000F0870000090100F16043012203F56143C8
:10541000C9B283F8001300F01F039A4043099B00B0
:1054200003F1604303F56143C3F880211A607047BC
:1054300000F01F0301229A40430900F160409B00E5
:1054400000F5614003F1604303F56143C3F8802038
:10545000C3F88021002380F800337047F8B5154663
:10546000826804460B46AA4200D28568A169266973
:10547000761AB5420BD218462A46FCF753FCA369AC
:105480002B44A3612846A3685B1BA360F8BD0CD91D
:10549000AF1B18463246FCF745FC3A46E1683044FB
:1054A000FCF740FCE3683B44EBE718462A46FCF770
:1054B00039FCE368E5E7000083689342F7B50446EA
:1054C000154600D28568D4E90460361AB5420BD27D
:1054D0002A46FCF727FC63692B4463612846A368CE
:1054E0005B1BA36003B0F0BD0DD93246AF1B019129
:1054F000FCF718FC01993A46E0683144FCF712FCCD
:10550000E3683B44E9E72A46FCF70CFCE368E4E780
:1055100010B50A440024C361029B8460C16002612B
:105520000362C0E90000C0E9051110BD08B5D0E96B
:105530000532934201D1826882B982680132826069
:105540005A1C426119700021D0E904329A4224BFEA
:10555000C368436101F022F9002008BD4FF0FF301D
:10556000FBE7000070B5302304460E4683F3118834
:10557000A568A5B1A368A269013BA360531CA36100
:1055800015782269934224BFE368A361E3690BB1F4
:1055900020469847002383F31188284607E03146C8
:1055A000204601F0EBF80028E2DA85F3118870BD9F
:1055B0002DE9F74F04460E4617469846D0F81C9042
:1055C0004FF0300A8AF311884FF0000B154665B191
:1055D0002A4631462046FFF741FF034660B941465F
:1055E000204601F0CBF80028F1D0002383F3118886
:1055F000781B03B0BDE8F08FB9F1000F03D0019024
:105600002046C847019B8BF31188ED1A1E448AF38C
:105610001188DCE7C160C361009B82600362C0E95E
:1056200005111144C0E9000001617047F8B5044656
:105630000D461646302383F31188A768A7B1A368E7
:10564000013BA36063695A1C62611D70D4E9043296
:105650009A4224BFE3686361E3690BB1204698472F
:10566000002080F3118807E03146204601F086F8DB
:105670000028E2DA87F31188F8BD0000D0E905239D
:1056800010B59A4201D182687AB98268002101324C
:1056900082605A1C82611C7803699A4224BFC368E5
:1056A000836101F07BF8204610BD4FF0FF30FBE72F
:1056B0002DE9F74F04460E4617469846D0F81C9041
:1056C0004FF0300A8AF311884FF0000B154665B190
:1056D0002A4631462046FFF7EFFE034660B94146B1
:1056E000204601F04BF80028F1D0002383F3118805
:1056F000781B03B0BDE8F08FB9F1000F03D0019023
:105700002046C847019B8BF31188ED1A1E448AF38B
:105710001188DCE70379052B05BF836A002001208F
:105720004B6004BF4FF400730B60704770B55D1E93
:10573000866A04460D44B54205D9436B43F08003A5
:105740004363012070BD06250571FFF783FC052327
:105750002371F7E770B55D1E866A04460D44B542B5
:1057600005D9436B43F080034363012070BD0725D7
:105770000571FFF795FC05232371F7E738B5057927
:105780000446052D05D108230371FFF7AFFC2571F1
:1057900038BD0120FCE700000323F0B5037185B09C
:1057A0000446FFF749FA002220461146FFF78EFA19
:1057B0004FF4D57203AB08212046FFF7A9FA024641
:1057C000B8B901232363039BC3F30323012B09D13E
:1057D00003AB37212046FFF79BFA18B9A44B039A75
:1057E0001340ABB120460125FFF758FA022323717D
:1057F00037E103AB002237212046FFF789FA28B9A9
:105800009B4A039B1A40002A00F0A78002232363CF
:10581000236B03F00F03022B40F0A9806425954E03
:1058200042F2107000F086FF03AB324601212046A1
:10583000FFF758FA0028D5D1039B002B80F2938004
:105840005A0003D5236B43F010032363002204F1B5
:10585000080302212046FFF7B9FA02460028C1D109
:1058600004F1380303212046FFF752FA0028B9D18A
:1058700004F11805A26B092120462B46FFF7A6FA72
:105880000028AFD102ABA26B07212046FFF740FAF8
:1058900006460028A6D1236B03F00F03022B40F02D
:1058A0008F807E227F21284603F054F9012840F2A0
:1058B0008780E76B42F2107000F03CFF08234FF442
:1058C0000072394620460096FFF79CFA002889D1DD
:1058D000384603F08DF9236BA06203F00F03022B0F
:1058E00072D103AB644A06212046FFF711FA002863
:1058F00071D15F49039B1940B1FA81F149092046F2
:10590000FFF7ACF902AB4FF4007210212046FFF70D
:10591000FFF9054600287FF465AF554E029B3342E0
:105920007FF460AF236B13F00E0F03F00F0273D000
:10593000022A7FF457AFE36A1978012900F09480B6
:10594000022900F09380002900F089804B4F204607
:10595000FFF7AAF903AB3A4676E0114620462263E8
:10596000FFF7B4F954E7013D7FF45AAF3AE7444DED
:105970006426444A3E4F012B18BF154603AB002254
:1059800037212046FFF7C4F900287FF42BAF039B93
:105990003B427FF427AF03AB2A4629212046FFF77D
:1059A000A1F900287FF41EAF039B002BFFF648AF40
:1059B000013E3FF417AF42F2107000F0BBFEDDE78E
:1059C000284603F0E9F886E77E227F212846E66B29
:1059D00003F0C0F808B9002191E7002340223146C6
:1059E000204600930623FFF70DFA0028F3D1B38970
:1059F0005BBA9B07EFD5244B4022314620460093EB
:105A00000623FFF7FFF90028E5D1317C01F00F01F3
:105A10000F3918BF012172E7E36A1978F9B101293A
:105A20007FF4E0AE2046FFF73FF903ABA26B3721CE
:105A30002046FFF76DF900287FF4D4AE039B334274
:105A40007FF4D0AE03AB022206212046FFF760F9B7
:105A500000287FF4C7AE039B33427FF4C3AE052317
:105A60002371284605B0F0BD084F70E7084F6EE778
:105A700008E0FFFD0080FFC00001B9030000B7038C
:105A80000080FF5000001080F1FFFF800001B7038D
:105A90000002B70337B504460C4D01ABA26B0D21D4
:105AA0002046FFF735F978B9019B2B420BD1C3F3A0
:105AB0004323042B08D0053B022B04D84FF47A7003
:105AC00000F038FEE9E7012003B030BD08E0FFFD3B
:105AD00070B53023054683F3118803790024022B27
:105AE00003D184F31188204670BD0423037184F32D
:105AF00011880226FFF7CEFF04462846FFF7CEF8AE
:105B00002E71F0E7FFF730B8044B036001230371F7
:105B100000234363C0E90A33704700BF00980008C0
:105B200010B53023044683F31188C162FFF736F8BD
:105B300002230020237180F3118810BD10B530239B
:105B4000044683F31188FFF753F800230122E36230
:105B5000227183F3118810BD02684368114301600C
:105B600003B11847704700001430FFF721BD000053
:105B70004FF0FF331430FFF71BBD00003830FFF744
:105B800097BD00004FF0FF333830FFF791BD0000A4
:105B90001430FFF7E7BC00004FF0FF311430FFF77F
:105BA000E1BC00003830FFF741BD00004FF0FF328C
:105BB0003830FFF73BBD0000012914BF6FF0130020
:105BC00000207047FFF7D2BA044B03600023436004
:105BD000C0E9023301230374704700BF2498000812
:105BE00010B53023044683F31188FFF72FFB0223FF
:105BF0000020237480F3118810BD000038B5C369FC
:105C000004460D461BB904210844FFF7A5FF2946A9
:105C100004F11400FFF78AFC002806DA201D4FF477
:105C20000061BDE83840FFF797BF38BD02684368A0
:105C30001143016003B118477047000013B5406B72
:105C400000F58054D4F8A4381A681178042914D1C6
:105C5000017C022911D11979012312898B40134249
:105C60000BD101A94C3002F0A3FED4F8A44802469F
:105C7000019B2179206800F0DFF902B010BD00001F
:105C8000143002F025BE00004FF0FF33143002F054
:105C90001FBE00004C3002F0F7BE00004FF0FF3393
:105CA0004C3002F0F1BE0000143002F0F3BD0000F1
:105CB0004FF0FF31143002F0EDBD00004C3002F027
:105CC000C3BE00004FF0FF324C3002F0BDBE0000FA
:105CD0000020704710B500F58054D4F8A4381A6835
:105CE0001178042917D1017C022914D15979012393
:105CF00052898B4013420ED1143002F085FD0246CA
:105D000048B1D4F8A4484FF4407361792068BDE8E5
:105D1000104000F07FB910BD406BFFF7DBBF000003
:105D2000704700007FB5124B01250426044603602E
:105D30000023057400F1840243602946C0E9023360
:105D40000C4B0290143001934FF44073009602F014
:105D500037FD094B04F69442294604F14C000294A5
:105D6000CDE900634FF4407302F0FEFD04B070BD56
:105D70004C980008195D00083D5C00080A68302353
:105D800083F311880B790B3342F823004B791333DB
:105D900042F823008B7913B10B3342F8230000F54E
:105DA0008053C3F8A41802230374002080F31188E1
:105DB0007047000038B5037F044613B190F85430A3
:105DC000ABB90125201D0221FFF730FF04F11400BB
:105DD0006FF00101257700F0EDFC04F14C0084F830
:105DE00054506FF00101BDE8384000F0E3BC38BD0D
:105DF00010B5012104460430FFF718FF0023237774
:105E000084F8543010BD000038B504460025143025
:105E100002F0EEFC04F14C00257702F0BDFD201DE0
:105E200084F854500121FFF701FF2046BDE83840B7
:105E3000FFF750BF90F8803003F06003202B06D1AD
:105E400090F881200023212A03D81F2A06D8002099
:105E50007047222AFBD1C0E91D3303E0034A4267A1
:105E600007228267C3670120704700BF44220020D9
:105E700037B500F58055D5F8A4381A68117804298B
:105E80001AD1017C022917D11979012312898B407B
:105E9000134211D100F14C04204602F03DFE58B1EE
:105EA00001A9204602F084FDD5F8A4480246019BD2
:105EB0002179206800F0C0F803B030BD01F10B0378
:105EC000F0B550F8236085B004460D46FEB130238E
:105ED00083F3118804EB8507301D0821FFF7A6FE28
:105EE000FB6806F14C005B691B681BB1019002F076
:105EF0006DFD019803A902F05BFD024648B1039BCA
:105F00002946204600F098F8002383F3118805B055
:105F1000F0BDFB685A691268002AF5D01B8A013B64
:105F20001340F1D104F18002EAE70000133138B5E3
:105F300050F82140ECB1302383F3118804F58053ED
:105F4000D3F8A4281368527903EB8203DB689B69BA
:105F50005D6845B104216018FFF768FE294604F129
:105F6000140002F05BFC2046FFF7B4FE002383F32D
:105F7000118838BD7047000001F072BD0123402236
:105F8000002110B5044600F8303BFBF7F1FE00237A
:105F9000C4E9013310BD000010B53023044683F37B
:105FA00011882422416000210C30FBF7E1FE2046DD
:105FB00001F078FD02230020237080F3118810BDCA
:105FC00070B500EB8103054650690E461446DA6051
:105FD00018B110220021FBF7CBFEA06918B11022E6
:105FE0000021FBF7C5FE31462846BDE8704001F0B0
:105FF0005FBE000083682022002103F0011310B56A
:10600000044683601030FBF7B3FE2046BDE8104025
:1060100001F0DABEF0B4012500EB810447898D4020
:10602000E4683D43A469458123600023A260636066
:10603000F0BC01F0F7BE0000F0B4012500EB8104D4
:1060400007898D40E4683D4364690581236000232E
:10605000A2606360F0BC01F06DBF000070B5022368
:1060600000250446242203702946C0F888500C30CD
:1060700040F8045CFBF77CFE204684F8705001F089
:10608000ABFD63681B6823B129462046BDE870401C
:10609000184770BD0378052B10B504460AD080F868
:1060A0008C300523037043681B680BB104219847AB
:1060B0000023A36010BD00000178052906D190F8E7
:1060C0008C20436802701B6803B1184770470000BA
:1060D00070B590F87030044613B1002380F870302A
:1060E00004F18002204601F093FE63689B68B3B917
:1060F00094F8803013F0600535D00021204602F07E
:1061000085F90021204602F075F963681B6813B118
:10611000062120469847062384F8703070BD20463B
:1061200098470028E4D0B4F88630A26F9A4288BF1E
:10613000A36794F98030A56F002B4FF0300380F2F5
:106140000381002D00F0F280092284F8702083F38F
:10615000118800212046D4E91D23FFF76DFF00239D
:1061600083F31188DAE794F8812003F07F0343EA90
:10617000022340F20232934200F0C58021D8B3F5E9
:10618000807F48D00DD8012B3FD0022B00F09380A8
:10619000002BB2D104F1880262670222A267E36792
:1061A000C1E7B3F5817F00F09B80B3F5407FA4D1B8
:1061B00094F88230012BA0D1B4F8883043F0020368
:1061C00032E0B3F5006F4DD017D8B3F5A06F31D0E2
:1061D000A3F5C063012B90D86368204694F8822011
:1061E0005E6894F88310B4F88430B047002884D0F7
:1061F000436863670368A3671AE0B3F5106F36D08E
:1062000040F6024293427FF478AF5C4B636702230F
:10621000A3670023C3E794F88230012B7FF46DAFAE
:10622000B4F8883023F00203A4F88830C4E91D557F
:10623000E56778E7B4F88030B3F5A06F0ED194F835
:106240008230204684F88A3001F024FD63681B68A0
:1062500013B1012120469847032323700023C4E98A
:106260001D339CE704F18B0363670123C3E72378A5
:10627000042B10D1302383F311882046FFF7BAFE98
:1062800085F311880321636884F88B5021701B68A3
:106290000BB12046984794F88230002BDED084F86A
:1062A0008B300423237063681B68002BD6D0022137
:1062B00020469847D2E794F8843020461D0603F024
:1062C0000F010AD501F096FD012804D002287FF4C1
:1062D00014AF2B4B9AE72B4B98E701F07DFDF3E7CA
:1062E00094F88230002B7FF408AF94F8843013F0D8
:1062F0000F01B3D01A06204602D502F09FF8ADE791
:1063000002F090F8AAE794F88230002B7FF4F5AE03
:1063100094F8843013F00F01A0D01B06204602D55C
:1063200002F074F89AE702F065F897E7142284F80F
:10633000702083F311882B462A4629462046FFF712
:1063400069FE85F31188E9E65DB1152284F87020B5
:1063500083F3118800212046D4E91D23FFF75AFE5C
:10636000FDE60B2284F8702083F311882B462A4621
:1063700029462046FFF760FEE3E700BF7C9800084F
:10638000749800087898000838B590F87030044682
:10639000002B3ED0063BDAB20F2A34D80F2B32D86E
:1063A000DFE803F037313108223231313131313118
:1063B00031313737856FB0F886309D4214D2C368CB
:1063C0001B8AB5FBF3F203FB12556DB9302383F33F
:1063D00011882B462A462946FFF72EFE85F31188A1
:1063E0000A2384F870300EE0142384F870303023D0
:1063F00083F31188002320461A461946FFF70AFE48
:10640000002383F3118838BDC36F03B1984700237D
:10641000E7E70021204601F0F9FF0021204601F0C6
:10642000E9FF63681B6813B10621204698470623DD
:10643000D7E7000010B590F870300446142B29D02F
:1064400017D8062B05D001D81BB110BD093B022B74
:10645000FBD80021204601F0D9FF0021204601F0A1
:10646000C9FF63681B6813B10621204698470623BD
:1064700019E0152BE9D10B2380F87030302383F31A
:10648000118800231A461946FFF7D6FD002383F32F
:106490001188DAE7C3689B695B68002BD5D1C36FAD
:1064A00003B19847002384F87030CEE70023826858
:1064B00080F8243083691B6899689142FBD25A683E
:1064C00003604260106058607047000000238268DB
:1064D00080F8243083691B6899689142FBD85A6818
:1064E00003604260106058607047000008B50846BD
:1064F000302383F3118891F82430032B05D0042B2B
:106500000DD02BB983F3118808BD8B6A00221A6065
:106510004FF0FF338362FFF7C9FF0023F2E7D1E9B1
:10652000003213605A60F3E7034610B51B689842C7
:1065300003D09C688A689442F8D25A680B604A601B
:106540001160596010BD0000FFF7B0BF38B50B4BAC
:106550001C68DD6885F82400226853601A600122F7
:10656000DC60A36884F82420934201D101F03EF955
:1065700029462046BDE83840F9F744BF6846002068
:106580000C4B30B5DD684B1C87B004460FD02B4652
:10659000094A684600F0A2F92046FFF7D7FF009BA2
:1065A00013B1684600F0A4F9A86A07B030BDFFF740
:1065B000CDFFF9E768460020ED640008044B1A6837
:1065C000DB6890689B68984294BF00200120704768
:1065D0006846002038B50C4B1C68DD6822685360A3
:1065E0001A600122DC6084F82420AB68934201D158
:1065F00001F0FEF82846FFF769FF01462046BDE896
:106600003840F9F7FFBE00BF68460020044B1A6807
:10661000DB6892689B689A4201D9FFF7DBBF70473D
:106620006846002038B50123084C002523706560BA
:1066300002F00CFB02F032FB0549064802F008FCB0
:106640000223237085F3118838BD00BF1049002054
:10665000849800086846002000F080B9034A516819
:1066600053685B1A9842FBD8704700BF001000E0E7
:106670008B604B630023CA6100F128020B63022385
:106680000A618B840123886181F8263001F11003AF
:10669000C26A4A611360C36201F12C030846CB62EF
:1066A00070470000D0E90131026841F8183CA1F1BF
:1066B0009C033839CB60036941F8243C436941F8B5
:1066C000203C034B41F8043CC3680248FFF7D0BFAD
:1066D0001D0400086846002008B5FFF7E3FFBDE889
:1066E0000840FFF731BF000038B50E4BDC6804F1FD
:1066F0002C05A062E06AA8420FD194F826303BB97D
:1067000094F825309B0702BFD4E9043213605A6025
:106710000F20BDE83840FFF719BF0368E362FFF7B9
:1067200013FFE7E768460020302383F31188FFF763
:10673000DBBF000008B50146302383F31188082031
:10674000FFF71EFF002383F3118808BD054BDB68AC
:1067500021B1036098620320FFF712BF4FF0FF30B2
:10676000704700BF6846002003682BB1002202601A
:1067700018469962FFF7E8BE70470000064BDB68D9
:1067800039B1426818605A60136043600420FFF713
:10679000F7BE4FF0FF30704768460020036898420C
:1067A00006D01A680260506018469962FFF7CCBEA6
:1067B0007047000038B504460D462068844200D179
:1067C00038BD036823605C608562FFF7BDFEF4E7B7
:1067D000036810B59C68A2420CD85C688A600B60A4
:1067E0004C602160596099688A1A9A604FF0FF33B3
:1067F000836010BD121B1B68ECE700000A2938BF3C
:106800000A2170B504460D460A26601902F018FAEE
:1068100002F000FA041BA54203D8751C04462E465C
:10682000F3E70A2E04D90120BDE8704002F0D8BB7E
:1068300070BD0000F8B5144B0D460A2A4FF00A0748
:10684000D96103F11001826038BF0A2241601969E1
:106850001446016048601861A81802F0E1F902F0DE
:10686000D9F9431B0646A34206D37C1C28192746A8
:10687000354602F0E5F9F2E70A2F04D90120BDE818
:10688000F84002F0ADBBF8BD68460020F8B50646FA
:106890000D4602F0BFF90F4A134653F8107F9F428E
:1068A00006D12A4601463046BDE8F840FFF7C2BF90
:1068B000D169BB68441A2C1928BF2C46A34202D9BF
:1068C0002946FFF79BFF224631460348BDE8F840C2
:1068D000FFF77EBF6846002078460020C0E903230A
:1068E000002310B45DF8044B4361FFF7CFBF0000F5
:1068F00010B5194C236998420DD08168D0E9003257
:1069000013605A609A680A449A60002303604FF04B
:10691000FF33A36110BD0268234643F8102F536074
:106920000022026022699A4203D1BDE8104002F0C1
:1069300081B9936881680B44936002F06BF9226916
:10694000E1699268441AA242E4D91144BDE81040BA
:10695000091AFFF753BF00BF684600202DE9F04732
:10696000DFF8BC8008F110072C4ED8F8105002F068
:1069700051F9D8F81C40AA68031B9A423ED8144427
:106980004FF00009D5E90032C8F81C4013605A6086
:10699000C5F80090D8F81030B34201D102F04AF99E
:1069A00089F31188D5E9033128469847302383F3CA
:1069B00011886B69002BD8D002F02CF96A69A0EB22
:1069C000040982464A450DD2022002F009FB00224A
:1069D000D8F81030B34208D151462846BDE8F047F8
:1069E000FFF728BF121A2244F2E712EB09092946E1
:1069F000384638BF4A46FFF7EBFEB5E7D8F8103007
:106A0000B34208D01444C8F81C00211AA960BDE89C
:106A1000F047FFF7F3BEBDE8F08700BF78460020DF
:106A20006846002038B502F0F5F8054AD2E9084575
:106A3000031B181945F10001C2E9080138BD00BF68
:106A40006846002010B560B9074804790368053C22
:106A50009B6818BF0124984708B144F004042046FD
:106A600010BD0124FBE700BFC8360020FFF7EABFD6
:106A70002DE9F047884617469A460446B0B90D4EB0
:106A80003579052D05D003240DE0013D15F0FF05F6
:106A90000ED03268534639463046D2F814904246FA
:106AA000C8470028F1D12046BDE8F0870424FAE762
:106AB0000124F8E7C83600202DE9F047884617463C
:106AC0009A460446B0B90D4E3579052D05D00324FC
:106AD0000DE0013D15F0FF050ED0326853463946F2
:106AE0003046D2F818904246C8470028F1D12046D7
:106AF000BDE8F0870424FAE70124F8E7C83600204F
:106B000037B50C46154670B951B101290BD107486C
:106B1000694603681B6A984710B9019B04462B60BD
:106B2000204603B030BD0424FAE700BFC836002079
:106B300000207047FEE70000704700004FF0FF3074
:106B4000704700004B6843608B688360CB68C3600C
:106B50000B6943614B6903628B6943620B68036095
:106B60007047000008B53C4B40F2FF713B48D3F83A
:106B700088200A43C3F88820D3F8882022F4FF62D3
:106B800022F00702C3F88820D3F88820D3F8E02049
:106B90000A43C3F8E020D3F808210A43C3F80821C8
:106BA0002F4AD3F808311146FFF7CCFF00F580607B
:106BB00002F11C01FFF7C6FF00F5806002F1380109
:106BC000FFF7C0FF00F5806002F15401FFF7BAFF44
:106BD00000F5806002F17001FFF7B4FF00F58060FE
:106BE00002F18C01FFF7AEFF00F5806002F1A80111
:106BF000FFF7A8FF00F5806002F1C401FFF7A2FFD4
:106C000000F5806002F1E001FFF79CFF00F5806075
:106C100002F1FC01FFF796FF02F58C7100F5806030
:106C2000FFF790FF01F0A2FC0E4BD3F8902242F048
:106C30000102C3F89022D3F8942242F00102C3F873
:106C400094220522C3F898204FF06052C3F89C208C
:106C5000054AC3F8A02008BD0044025800000258AD
:106C60009898000800ED00E01F00080308B501F047
:106C700093FDFFF7D7FC104BD3F8DC2042F0400225
:106C8000C3F8DC20D3F8042122F04002C3F8042129
:106C9000D3F80431094B1A6842F008021A601A68E6
:106CA00042F004021A6000F08BFD00F043FBBDE8E7
:106CB000084000F0B5B800BF004402580018024870
:106CC00001207047002070477047000002290CD057
:106CD000032904D00129074818BF00207047032A60
:106CE00005D8054800EBC2007047044870470020F3
:106CF000704700BF949A000854220020489A000868
:106D000070B59AB005460846144601A900F0C2F8CD
:106D100001A8FBF725F8431C0022C6B25B00104611
:106D2000C5E9003423700323023404F8013C01ABAD
:106D3000D1B202348E4201D81AB070BD13F8011BD3
:106D4000013204F8010C04F8021CF1E708B5302305
:106D500083F311880348FFF78BF8002383F311882E
:106D600008BD00BF1849002090F8803003F01F02D2
:106D7000012A07D190F881200B2A03D10023C0E912
:106D80001D3315E003F06003202B08D1B0F88430E8
:106D90002BB990F88120212A03D81F2A04D8FFF7A5
:106DA00049B8222AEBD0FAE7034A426707228267F2
:106DB000C3670120704700BF4B22002007B505299B
:106DC00017D8DFE801F0191603191920302383F3CF
:106DD0001188104A01210190FFF7F2F80198022171
:106DE0000D4AFFF7EDF80D48FFF70EF8002383F387
:106DF000118803B05DF804FB302383F31188074842
:106E0000FEF7D8FFF2E7302383F311880348FEF73B
:106E1000EFFFEBE7E89900080C9A000818490020FA
:106E200038B50C4D0C4C2A460C4904F10800FFF70C
:106E300067FF05F1CA0204F110000949FFF760FF7E
:106E400005F5CA7204F118000649BDE83840FFF79D
:106E500057BF00BFF061002054220020CC990008E9
:106E6000D4990008DF99000870B5044608460D461D
:106E7000FAF776FFC6B22046013403780BB91846FC
:106E800070BD32462946FAF757FF0028F3D101209A
:106E9000F6E700002DE9F84F05460C46FAF760FFCB
:106EA0002D49C6B22846FFF7DFFF08B10436F6B217
:106EB0002A492846FFF7D8FF08B11036F6B2632EEC
:106EC0000DD8DFF89490DFF894A0DFF89C80DFF80D
:106ED0009CB0234F2E7846B92670BDE8F88F29461E
:106EE0002046BDE8F84F02F019B9252E30D107220F
:106EF00049462846FAF720FF70B93B6807350B343E
:106F000044F80B3C7B6844F8073C3B8924F8033C7D
:106F1000BB7A04F8013CDDE7082251462846FAF71F
:106F20000BFFA8B9A21C0F4B19780232090911F8FE
:106F3000081002F8041C13F8011B01F00F015B4557
:106F400011F8081002F8031CEED118340835C1E717
:106F5000013504F8016BBDE7B49A0008DF99000819
:106F6000BC9A000800E8F11FC89A00080CE8F11F5D
:106F7000BFF34F8F044B1A695107FCD1D3F810218E
:106F80005207F8D1704700BF0020005208B50D4BE2
:106F90001B78ABB9FFF7ECFF0B4BDA68D10704D5D0
:106FA0000A4A5A6002F188325A60D3F80C21D2079B
:106FB00006D5064AC3F8042102F18832C3F8042139
:106FC00008BD00BF4E640020002000522301674529
:106FD00008B5114B1B78F3B9104B1A69510703D54B
:106FE000DA6842F04002DA60D3F81021520705D582
:106FF000D3F80C2142F04002C3F80C21FFF7B8FF90
:10700000064BDA6842F00102DA60D3F80C2142F054
:107010000102C3F80C2108BD4E640020002000527C
:107020000F289ABF00F580604004002070470000E0
:107030004FF4003070470000102070470F2808B54B
:107040000BD8FFF7EDFF00F500330268013204D1E1
:1070500004308342F9D1012008BD0020FCE7000084
:107060000F2838B505463FD8FFF782FF1F4CFFF7C2
:107070008DFF4FF0FF3307286361C4F814311DD82A
:107080002361FFF775FF030243F02403E360E36825
:1070900043F08003E36023695A07FCD42846FFF7D6
:1070A00067FFFFF7BDFF4FF4003100F0B9FA284643
:1070B000FFF78EFFBDE83840FFF7C0BFC4F81031BE
:1070C000FFF756FFA0F108031B0243F02403C4F8A6
:1070D0000C31D4F80C3143F08003C4F80C31D4F8EF
:1070E00010315B07FBD4D9E7002038BD00200052E7
:1070F0002DE9F84F04460D46104644EA0203DE0629
:1071000002D00020BDE8F88F20F01F00DFF8D4B0D7
:10711000DFF8D4A0FFF73AFF05EB0008454503D19F
:107120000120FFF755FFEDE720222946204601F018
:10713000BDFF10B920342035F0E7234604F12002CA
:107140001F68791CDDD104339342F9D104F17843EF
:107150002048214EB3F5801F204B38BF184603F15D
:10716000F80332BFD946D1461E46FFF701FF07603C
:10717000A4EB050C336805F11C0143F002033360F6
:107180002B1FD9F8007017F00507FAD153F8042F18
:107190008B424CF80320F4D1BFF34F8FFFF7E8FE8A
:1071A0004FF0FF330360336823F002033360BFF313
:1071B0004F8F0B4BC3F85C42BFF34F8FBFF36F8F02
:1071C00020222946204601F071FF0028B2D038461F
:1071D000A7E700BF142100520C20005214200052D7
:1071E00000ED00E0102000521021005210B5084CB4
:1071F000237828B11BB9FFF7C9FE0123237010BD06
:10720000002BFCD02070BDE81040FFF7E1BE00BFAE
:107210004E6400202DE9F04F0D4685B0814658B1EF
:1072200011F00D0614BF2022082211F0080301936B
:1072300004D0431E034269D0002435E0002E37D02D
:1072400009F11F0121F01F094FF00108314F05F02E
:107250000403DFF8CCA005EA080BBBF1000F32D025
:107260007869C0072FD408F101080C37B8F1060F70
:10727000F3D19EB9284D4946A819019201F030FD7D
:107280000446002839D12036019AA02EF3D1494670
:1072900001F026FD044600282FD1019A49461F48D7
:1072A00001F01EFD044660BB204605B0BDE8F08F2E
:1072B0000029C9D101462846029201F011FD044679
:1072C000D8B9029AC0E713B178694107CBD5AC07AA
:1072D00002D578698007C6D5019911B1786901078F
:1072E000C1D549460AEB4810CDE9022301F0F8FC6C
:1072F0000446DDE902230028B5D04A460021204695
:1073000001E04A460021FAF733FDCDE70246002EA0
:1073100096D199E7DC9A0008906400205064002020
:10732000706400200021FFF775BF00000121FFF706
:1073300071BF000000231A4670B51A600433B3F51C
:10734000806FFAD1104D0124104E06EB4410013429
:107350002A6955F80C1F01F0AFFC062CF5D1372532
:107360004FF4C0542046FFF7E1FF014628B1224602
:107370000748BDE8704001F09FBCC4EBC404013D68
:107380004FEAD404EED170BDDC9A0008706400208E
:10739000506400200421FFF73DBF00004843FFF781
:1073A000C1BF000008B101F00DBD7047B0F5805FAE
:1073B00010B5044607D8FFF7EDFF28B92046BDE811
:1073C0001040FFF7AFBF002010BD0000FFF7EABF7D
:1073D00070B5AAB140EA010313F01F030FD1094CA5
:1073E0000144A5686D0706D52568A84203D36668E1
:1073F0003544A94204D903330C34122BF1D10022B5
:10740000104670BDDC9A000808B501F0F1FD034A92
:10741000D2E90032C01842EB010108BD30650020FE
:10742000434BD3E900232DE9F34113437CD0FFF70D
:10743000EBFF404A00230027F8F7FEFF06460D4603
:107440003D4A0023F8F7F8FF00231446304629464A
:10745000394AF8F7F1FF4FF461613C23ADF8017050
:10746000B4FBF1F5B4FBF3F601FB154103FB164643
:107470004624B1FBF3F1314BF6B28DF8004098424F
:107480003CD84FF0640C4FF4C87EA30704F26C7232
:1074900025D1B2FBFCF30CFB132313BBB2FBFEF3B1
:1074A0000EFB1322B2FA82F35B0903F26D18621C21
:1074B0008045D2B217D90FB18DF800400022204C80
:1074C0004FF00C0C17460CFB0343D4B2013213F8F7
:1074D00004C084450CD8A0EB0C000127F5E700237D
:1074E000E3E70123E1E7A0EB080014460127CCE71E
:1074F0000FB18DF80140431C8DF802309DF801005A
:10750000431C9DF800005038400640EA43509DF867
:10751000023040EA034040EA560040EAC52040EA13
:10752000411002B0BDE8F0814FF40410F9E700BF4C
:107530003065002040420F008051010090230B0075
:10754000249B00080244074BD2B210B5904200D1F0
:1075500010BD441C00B253F8200041F8040BE0B207
:10756000F4E700BF504000580E4B30B51C6F2404A8
:1075700005D41C6F1C671C6F44F400441C670A4C44
:1075800002442368D2B243F480732360074B9042D5
:1075900000D130BD441C51F8045B00B243F82050C8
:1075A000E0B2F4E700440258004802585040005846
:1075B00007B5012201A90020FFF7C4FF019803B01D
:1075C0005DF804FB13B50446FFF7F2FFA04205D0B7
:1075D000012201A900200194FFF7C6FF02B010BDEF
:1075E00010B56424013C4FF47A70FFF7A3F814F04F
:1075F000FF04F7D1094B4FF4802214249A61A3F5BC
:1076000000634FF080629A61013C4FF47A70FFF79B
:1076100091F814F0FF04F7D110BD00BF001002581C
:107620000144BFF34F8F064B884204D3BFF34F8F03
:10763000BFF36F8F7047C3F85C022030F4E700BFE0
:1076400000ED00E00144BFF34F8F064B884204D3A6
:10765000BFF34F8FBFF36F8F7047C3F870022030B6
:10766000F4E700BF00ED00E070B5054616460C4695
:1076700001201021FFF792FE286046733CB120469E
:1076800036B1FFF787FE2B68186000B19C6070BDB3
:10769000FFF74CFEF7E70000F8B50F461546044625
:1076A00048B905F11F010126386821F01F01FFF7D5
:1076B000B7FF3046F8BD427B29463868FFF788FEA1
:1076C00006460028EDD13B686360A368AB4210D248
:1076D00013B12068FFF766FE637B28462BB1FFF7E6
:1076E00059FE206020B9A060E3E7FFF71FFEF8E72E
:1076F000A560206805F11F01012621F01F013860F7
:10770000FFF78EFF2673D4E770B50E4602F11F0116
:107710000446154621F01F013046FFF793FF4CB198
:107720002168B14206D1606810B12A46FAF7FAFA28
:107730000023237370BD0000F8B50F4614460546BC
:1077400048B904F11F010126386821F01F01FFF735
:1077500079FF3046F8BD427B21463868FFF738FE96
:1077600006460028EDD1AB68A34210D213B12868B9
:10777000FFF718FE6B7B20462BB1FFF70BFE28604E
:1077800020B9A860E5E7FFF7D1FDF8E7AC603968FC
:1077900019B122462868FAF7C5FA286804F11F01D2
:1077A000012621F01F013860FFF74CFF2E73D0E750
:1077B00020B103688B4204BF0023037370470000AD
:1077C000034B1A681AB9034AD2F8D0241A607047DA
:1077D000386500200040025808B5FFF7F1FF024B62
:1077E0001868C0F3806008BD38650020704700004D
:1077F00070470000EFF30983054968334A6B22F0B4
:1078000001024A6383F30988002383F311887047D8
:1078100000EF00E0302080F3118862B60D4B0E4A75
:10782000D96821F4E0610904090C0A430B49DA60C4
:10783000D3F8FC2042F08072C3F8FC20084AC2F85A
:10784000B01F116841F0010111602022DA7783F83E
:107850002200704700ED00E00003FA0555CEACC5EC
:10786000001000E0302310B583F311880E4B5B68E5
:1078700013F4006314D0F1EE103AEFF309844FF0E3
:107880008073683CE361094BDB6B236684F30988F2
:10789000FEF794FE10B1064BA36110BD054BFBE74C
:1078A00083F31188F9E700BF00ED00E000EF00E08E
:1078B0002F0400083204000870B5BFF34F8FBFF3E8
:1078C0006F8F1A4A0021C2F85012BFF34F8FBFF3D7
:1078D0006F8F536943F400335361BFF34F8FBFF38E
:1078E0006F8FC2F88410BFF34F8FD2F8803043F609
:1078F000E074C3F3C900C3F34E335B0103EA04062B
:10790000014646EA81750139C2F86052F9D2203B3E
:1079100013F1200FF2D1BFF34F8F536943F480333B
:107920005361BFF34F8FBFF36F8F70BD00ED00E069
:10793000FEE70000214B2248224A70B5904237D31F
:10794000214BC11EDA1C121A22F003028B4238BFEF
:1079500000220021FAF70CFA1C4A0023C2F88430F6
:10796000BFF34F8FD2F8803043F6E074C3F3C90001
:10797000C3F34E335B0103EA0406014646EA817510
:107980000139C2F86C52F9D2203B13F1200FF2D129
:10799000BFF34F8FBFF36F8FBFF34F8FBFF36F8F67
:1079A0000023C2F85032BFF34F8FBFF36F8F70BD0B
:1079B00053F8041B40F8041BC0E700BF2C9C0008D0
:1079C000B4660020B4660020B466002000ED00E03C
:1079D000074BD3F8D81021EA0001C3F8D810D3F828
:1079E000002122EA0002C3F80021D3F800317047D9
:1079F0000044025870B5D0E9244300224FF0FF350F
:107A00009E6804EB42135101D3F80009002805DAFF
:107A1000D3F8000940F08040C3F80009D3F8000B08
:107A2000002805DAD3F8000B40F08040C3F8000BC3
:107A3000013263189642C3F80859C3F8085BE0D2D4
:107A40004FF00113C4F81C3870BD0000890141F0EB
:107A50002001016103699B06FCD41220FEF7FEBDE4
:107A600010B50A4C2046FEF789FA094BC4F890304D
:107A7000084BC4F89430084C2046FEF77FFA074BB9
:107A8000C4F89030064BC4F8943010BD3C6500201B
:107A900000000840609B0008D865002000000440FA
:107AA0006C9B000870B503780546012B5CD1434BF5
:107AB000D0F89040984258D1414B0E216520D3F820
:107AC000D82042F00062C3F8D820D3F8002142F059
:107AD0000062C3F80021D3F80021D3F8802042F0DF
:107AE0000062C3F88020D3F8802022F00062C3F83F
:107AF0008020D3F88030FDF785FC324BE360324BB9
:107B0000C4F800380023D5F89060C4F8003EC023C4
:107B100023604FF40413A3633369002BFCDA0123C1
:107B20000C203361FEF79AFD3369DB07FCD4122089
:107B3000FEF794FD3369002BFCDA00262846A66088
:107B4000FFF758FF6B68C4F81068DB68C4F8146866
:107B5000C4F81C6883BB1D4BA3614FF0FF33636106
:107B6000A36843F00103A36070BD194B9842C9D1CB
:107B7000134B4FF08060D3F8D82042F00072C3F866
:107B8000D820D3F8002142F00072C3F80021D3F8C6
:107B90000021D3F8802042F00072C3F88020D3F88F
:107BA000802022F00072C3F88020D3F88030FFF7E5
:107BB0000FFF0E214D209EE7064BCDE73C650020D0
:107BC000004402584014004003002002003C30C032
:107BD000D8650020083C30C0F8B5D0F89040054684
:107BE00000214FF000662046FFF730FFD5F89410D3
:107BF00000234FF001128F684FF0FF30C4F8343883
:107C0000C4F81C2804EB431201339F42C2F80069F8
:107C1000C2F8006BC2F80809C2F8080BF2D20B6870
:107C2000D5F89020C5F89830636210231361166967
:107C300016F01006FBD11220FEF710FDD4F8003824
:107C400023F4FE63C4F80038A36943F4402343F0EF
:107C50001003A3610923C4F81038C4F814380B4B7F
:107C6000EB604FF0C043C4F8103B094BC4F8003B35
:107C7000C4F81069C4F80039D5F8983003F110023F
:107C800043F48013C5F89820A362F8BD3C9B00081C
:107C900040800010D0F8902090F88A10D2F8003878
:107CA00023F4FE6343EA0113C2F800387047000072
:107CB0002DE9F84300EB8103D0F890500C46804644
:107CC000DA680FFA81F94801166806F00306731E98
:107CD000022B05EB41134FF0000194BFB604384E60
:107CE000C3F8101B4FF0010104F1100398BF06F117
:107CF000805601FA03F3916998BF06F50046002902
:107D00003AD0578A04F15801374349016F50D5F8EA
:107D10001C180B430021C5F81C382B180127C3F889
:107D20001019A7405369611E9BB3138A928B9B085D
:107D3000012A88BF5343D8F89820981842EA034391
:107D400001F140022146C8F89800284605EB82025E
:107D50005360FFF77BFE08EB8900C3681B8A43EA88
:107D6000845348341E4364012E51D5F81C381F43F8
:107D7000C5F81C78BDE8F88305EB4917D7F8001B58
:107D800021F40041C7F8001BD5F81C1821EA0303B1
:107D9000C0E704F13F030B4A2846214605EB830365
:107DA0005A60FFF753FE05EB4910D0F8003923F471
:107DB0000043C0F80039D5F81C3823EA0707D7E795
:107DC0000080001000040002D0F894201268C0F86F
:107DD0009820FFF70FBE00005831D0F890304901CD
:107DE0005B5813F4004004D013F4001F0CBF0220B2
:107DF000012070474831D0F8903049015B5813F4A6
:107E0000004004D013F4001F0CBF02200120704773
:107E100000EB8101CB68196A0B6813604B685360F3
:107E20007047000000EB810330B5DD68AA69136874
:107E3000D36019B9402B84BF402313606B8A146848
:107E4000D0F890201C4402EB4110013C09B2B4FB75
:107E5000F3F46343033323F0030343EAC44343F0DF
:107E6000C043C0F8103B2B6803F00303012B0ED175
:107E7000D2F8083802EB411013F4807FD0F8003BB1
:107E800014BF43F0805343F00053C0F8003B02EBB3
:107E90004112D2F8003B43F00443C2F8003B30BD2E
:107EA0002DE9F041D0F8906005460C4606EB4113F1
:107EB000D3F8087B3A07C3F8087B08D5D6F81438FE
:107EC0001B0704D500EB8103DB685B689847FA0762
:107ED0001FD5D6F81438DB071BD505EB8403D9680A
:107EE000CCB98B69488A5A68B2FBF0F600FB1622BF
:107EF0008AB91868DA6890420DD2121AC3E90024D0
:107F0000302383F3118821462846FFF78BFF84F343
:107F10001188BDE8F081012303FA04F26B8923EA9A
:107F200002036B81CB68002BF3D021462846BDE8C5
:107F3000F041184700EB81034A0170B5DD68D0F8C5
:107F400090306C692668E66056BB1A444FF40020F6
:107F5000C2F810092A6802F00302012A0AB20ED1FF
:107F6000D3F8080803EB421410F4807FD4F800091A
:107F700014BF40F0805040F00050C4F8000903EBFB
:107F80004212D2F8000940F00440C2F80009012270
:107F9000D3F8340802FA01F10143C3F8341870BD74
:107FA00019B9402E84BF4020206020681A442E8AD0
:107FB0008419013CB4FBF6F440EAC44040F00050A0
:107FC000C6E700002DE9F843D0F8906005460C465E
:107FD0004F0106EB4113D3F8088918F0010FC3F8DD
:107FE00008891CD0D6F81038DB0718D500EB8103C0
:107FF000D3F80CC0DCF81430D3F800E0DA6896450A
:1080000030D2A2EB0E024FF000091A60C3F80490C0
:10801000302383F31188FFF78DFF89F3118818F05F
:10802000800F1DD0D6F834380126A640334217D031
:1080300005EB84030134D5F89050D3F80CC0E4B2BA
:108040002F44DCF8142005EB0434D2F800E051682A
:10805000714514D3D5F8343823EA0606C5F83468D8
:10806000BDE8F883012303FA01F2038923EA02033E
:108070000381DCF80830002BD1D09847CFE7AEEB76
:108080000103BCF81000834228BF0346D7F8180943
:1080900080B2B3EB800FE3D89068A0F1040959F8DF
:1080A000048FC4F80080A0EB09089844B8F1040FCD
:1080B000F5D818440B4490605360C8E72DE9F84F99
:1080C000D0F8905004466E69AB691E4016F4805893
:1080D0006E6103D0BDE8F84FFDF7C0BF002E12DA85
:1080E000D5F8003E9B0705D0D5F8003E23F00303EA
:1080F000C5F8003ED5F80438204623F00103C5F842
:108100000438FDF7D9FF370505D52046FFF772FC87
:108110002046FDF7BFFFB0040CD5D5F8083813F0A2
:10812000060FEB6823F470530CBF43F4105343F471
:10813000A053EB6031071BD56368DB681BB9AB69E3
:1081400023F00803AB612378052B0CD1D5F8003E52
:108150009A0705D0D5F8003E23F00303C5F8003E8A
:108160002046FDF7A9FF6368DB680BB120469847FE
:10817000F30200F1BA80B70226D5D4F89090002718
:108180004FF0010A09EB4712D2F8003B03F44023F9
:10819000B3F5802F11D1D2F8003B002B0DDA6289A4
:1081A0000AFA07F322EA0303638104EB8703DB681F
:1081B000DB6813B13946204698470137D4F894302C
:1081C000FFB29B689F42DDD9F00619D5D4F8900024
:1081D000026AC2F30A1702F00F0302F4F012B2F5BA
:1081E000802F00F0CA80B2F5402F09D104EB830341
:1081F000002200F58050DB681B6A974240F0B08097
:108200003003D5F8185835D5E90303D500212046A9
:10821000FFF746FEAA0303D501212046FFF740FEE3
:108220006B0303D502212046FFF73AFE2F0303D547
:1082300003212046FFF734FEE80203D5042120463F
:10824000FFF72EFEA90203D505212046FFF728FEE1
:108250006A0203D506212046FFF722FE2B0203D532
:1082600007212046FFF71CFEEF0103D50821204619
:10827000FFF716FE700340F1A780E90703D5002140
:108280002046FFF79FFEAA0703D501212046FFF7EE
:1082900099FE6B0703D502212046FFF793FE2F07B7
:1082A00003D503212046FFF78DFEEE0603D50421FA
:1082B0002046FFF787FEA80603D505212046FFF7D5
:1082C00081FE690603D506212046FFF77BFE2A06BC
:1082D00003D507212046FFF775FEEB0574D5204630
:1082E0000821BDE8F84FFFF76DBED4F890904FF02D
:1082F000000B4FF0010AD4F894305FFA8BF79B68BB
:108300009F423FF638AF09EB4713D3F8002902F438
:108310004022B2F5802F20D1D3F80029002A1CDAA0
:10832000D3F8002942F09042C3F80029D3F800297D
:10833000002AFBDB3946D4F89000FFF787FB22893F
:108340000AFA07F322EA0303238104EB8703DB68BD
:108350009B6813B13946204698470BF1010BCAE7D9
:10836000910701D1D0F80080072A02F101029CBFD9
:1083700003F8018B4FEA18283FE704EB830300F56D
:108380008050DA68D2F818C0DCF80820DCE9001C5C
:10839000A1EB0C0C00218F4208D1DB689B699A6825
:1083A0003A449A605A683A445A6029E711F0030F38
:1083B00001D1D0F800808C4501F1010184BF02F8A1
:1083C000018B4FEA1828E6E7BDE8F88F08B50348A7
:1083D000FFF774FEBDE80840FFF744BA3C65002093
:1083E00008B50348FFF76AFEBDE80840FFF73ABA50
:1083F000D8650020D0F8903003EB4111D1F8003B54
:1084000043F40013C1F8003B70470000D0F89030EF
:1084100003EB4111D1F8003943F40013C1F80039DE
:1084200070470000D0F8903003EB4111D1F8003BC9
:1084300023F40013C1F8003B70470000D0F89030DF
:1084400003EB4111D1F8003923F40013C1F80039CE
:1084500070470000064BD3F8DC200243C3F8DC2051
:10846000D3F804211043C3F80401D3F80431704752
:108470000044025808B53C4B4FF0FF31D3F8802040
:1084800062F00042C3F88020D3F8802002F000425E
:10849000C3F88020D3F88020D3F88420C3F8841058
:1084A000D3F884200022C3F88420D3F88400D86F46
:1084B00040F0FF4040F4FF0040F4DF4040F07F0018
:1084C000D867D86F20F0FF4020F4FF0020F4DF4091
:1084D00020F07F00D867D86FD3F888006FEA40504B
:1084E0006FEA5050C3F88800D3F88800C0F30A0040
:1084F000C3F88800D3F88800D3F89000C3F8901030
:10850000D3F89000C3F89020D3F89000D3F89400EB
:10851000C3F89410D3F89400C3F89420D3F89400CF
:10852000D3F89800C3F89810D3F89800C3F89820AF
:10853000D3F89800D3F88C00C3F88C10D3F88C00D3
:10854000C3F88C20D3F88C00D3F89C00C3F89C109F
:10855000D3F89C10C3F89C20D3F89C30FCF700FAA9
:10856000BDE8084000F0FCB80044025808B50122FC
:10857000534BC3F80821534BD3F8F42042F00202C6
:10858000C3F8F420D3F81C2142F00202C3F81C21E6
:108590000222D3F81C314C4BDA605A689104FCD5A6
:1085A0004A4A1A6001229A60494ADA6000221A6136
:1085B0004FF440429A61444B9A699204FCD51A6880
:1085C00042F480721A603F4B1A6F12F4407F04D05D
:1085D0004FF480321A6700221A671A6842F00102CB
:1085E0001A60384B1A685007FCD500221A611A69C4
:1085F00012F03802FBD1012119604FF0804159601F
:108600005A67344ADA62344A1A611A6842F480328C
:108610001A602C4B1A689103FCD51A6842F48052F8
:108620001A601A689204FCD52C4A2D499A620022DD
:108630005A63196301F57C01DA6301F2E71199636A
:108640005A64284A1A64284ADA621A6842F0A85220
:108650001A601C4B1A6802F02852B2F1285FF9D157
:1086600048229A614FF48862DA6140221A621F4AF6
:10867000DA641F4A1A651F4A5A651F4A9A653223EF
:108680001E4A1360136803F00F03022BFAD10D4A40
:10869000136943F003031361136903F03803182BC4
:1086A000FAD14FF00050FFF7D5FE4FF08040FFF7B2
:1086B000D1FE4FF00040BDE80840FFF7CBBE00BF41
:1086C00000800051004402580048025800C000F0E9
:1086D000020000010000FF010088900822204000F5
:1086E00063020901470E0508DD0BBF0120000020D1
:1086F000000001100910E0000001011000200052EC
:1087000008B50348FCF7F4FCBDE80840FFF7AAB839
:10871000C836002008B50348FCF7EEFDBDE8084068
:10872000FFF7A0B82039002008B50348FCF7E4FDA6
:10873000BDE80840FFF796B88C39002008B503481B
:10874000FCF7DAFDBDE80840FFF78CB8F8390020E7
:1087500008B500F095FCBDE80840FFF783B80000BD
:1087600008B509217A20FCF74DFE09217C20FCF791
:1087700049FE07213220FCF745FE0C212720FCF79B
:1087800041FE0C213520FCF73DFE0C215220BDE8B6
:108790000840FCF737BE000008B5FFF76BFE00F09D
:1087A00043FCFDF70FFAFDF7ADF9FDF7E5FBFDF72B
:1087B000B7FAFEF789FABDE8084000F029BA0000D0
:1087C00030B50433039C0172002104FB0325C16012
:1087D000C0E90653049B0363059BC0E90000C0E9A0
:1087E0000422C0E90842C0E90A11436330BD000019
:1087F0000022416AC260C0E90411C0E90A226FF098
:108800000101FDF7D7BF0000D0E90432934201D146
:10881000C2680AB9181D70470020704703691960C3
:108820000021C2680132C260C26913448269934266
:10883000036124BF436A0361FDF7B0BF38B5044646
:108840000D46E3683BB162690020131D1268A36204
:108850001344E36207E0237A33B929462046FDF743
:108860008DFF0028EDDA38BD6FF00100FBE7000056
:10887000C368C269013BC360436913448269934280
:10888000436124BF436A436100238362036B03B1E6
:108890001847704770B53023044683F31188866A01
:1088A0003EB9FFF7CBFF054618B186F3118828467D
:1088B00070BDA36AE26A13F8015B9342A36202D31C
:1088C0002046FFF7D5FF002383F31188EFE7000070
:1088D0002DE9F84F04460E46174698464FF03009EA
:1088E00089F311880025AA46D4F828B0BBF1000FFF
:1088F00009D141462046FFF7A1FF20B18BF3118833
:108900002846BDE8F88FD4E90A12A7EB050B521AE6
:10891000934528BF9346BBF1400F1BD9334601F165
:10892000400251F8040B914243F8040BF9D1A36AB9
:10893000403640354033A362D4E90A239A4202D339
:108940002046FFF795FF8AF31188BD42D8D289F3FC
:108950001188C9E730465A46F9F7E4F9A36A5E443C
:108960005D445B44A362E7E710B5029C04330172E7
:1089700003FB0421C460C0E906130023C0E90A33E5
:10898000039B0363049BC0E90000C0E90422C0E923
:108990000842436310BD0000026A6FF00101C2602B
:1089A000426AC0E904220022C0E90A22FDF702BFA0
:1089B000D0E904239A4201D1C26822B9184650F87E
:1089C000043B0B60704700231846FAE7C368002198
:1089D000C2690133C36043691344826993424361AE
:1089E00024BF436A4361FDF7D9BE000038B5044691
:1089F0000D46E3683BB1236900201A1DA262E269BB
:108A00001344E36207E0237A33B929462046FDF791
:108A1000B5FE0028EDDA38BD6FF00100FBE700007D
:108A200003691960C268013AC260C269134482696D
:108A30009342036124BF436A036100238362036B93
:108A400003B118477047000070B530230D46044647
:108A5000114683F31188866A2EB9FFF7C7FF10B15C
:108A600086F3118870BDA36A1D70A36AE26A0133A0
:108A70009342A36204D3E16920460439FFF7D0FF93
:108A8000002080F31188EDE72DE9F84F04460D46EC
:108A9000904699464FF0300A8AF311880026B34673
:108AA000A76A4FB949462046FFF7A0FF20B187F3D8
:108AB00011883046BDE8F88FD4E90A073A1AA8EBC6
:108AC0000607974228BF1746402F1BD905F14003E0
:108AD00055F8042B9D4240F8042BF9D1A36A403687
:108AE0004033A362D4E90A239A4204D3E1692046C1
:108AF0000439FFF795FF8BF311884645D9D28AF3E5
:108B00001188CDE729463A46F9F70CF9A36A3D44A6
:108B10003E443B44A362E5E7D0E904239A4217D1DF
:108B2000C3689BB1836A8BB1043B9B1A0ED0136060
:108B3000C368013BC360C3691A4483699A420261F6
:108B400024BF436A036100238362012318467047F0
:108B50000023FBE701F01F03F0B502F01F045609E4
:108B60005A1C0123B6EB511F50F8265003FA02F3AA
:108B70004FEA511703F1FF333DBF50F82720C4F1EE
:108B80002000134003EA05003BBF03FA00F225FA78
:108B900004F0E0401043F0BD70B57E227F21054611
:108BA000FFF7D8FF18B1012819D0002070BD3E2270
:108BB00049212846FFF7CEFF2F22044631212846BF
:108BC000FFF7C8FF064601345022023653212846DB
:108BD000B440FFF7BFFF093804FA00F0E6E730229F
:108BE00045212846FFF7B6FF01308002DEE700008E
:108BF00090F8D63090F8D7201B0403EB026390F86E
:108C0000D42090F8D500134403EB002070470000F7
:108C100000F00CBA014B586A704700BF000C0040CE
:108C2000034B002258631A610222DA60704700BFCA
:108C3000000C0040014B0022DA607047000C00403D
:108C4000014B5863704700BF000C0040024B034AC1
:108C50001A60034A5A6070478C660020B86600208C
:108C600000000220074B494210B55C68201A0840FA
:108C70001968821A8A4203D3A24201D85A6010BDF1
:108C80000020FCE78C66002008B5302383F31188B0
:108C9000FFF7E8FF002383F3118808BD0448054B64
:108CA00003600023C0E901330C3000F017B900BFA6
:108CB00094660020898C0008CB1D083A23F0070336
:108CC000591A521A10B4D2080024C0E90043846033
:108CD0000C301C605A605DF8044B00F0FFB80000D7
:108CE0002DE9F74F364FCD1D8846002818BF07469F
:108CF000082A4FEAD50538BF082207F10C003C1DB1
:108D00009146019000F02CF9019809F10701C9F191
:108D1000000E2246246864B900F02CF93B68CBB3FE
:108D200008224946E8009847044698B340E902788B
:108D300030E004EB010CD4F804A00CEA0E0C0AF1AC
:108D40000106ACF1080304EBC6069E42E1D9A6EB8E
:108D50000C0CB5EBEC0F4FEAEC0BDAD89C421DD2B1
:108D600004F10802AB45A3EB02024FEAE2026260A3
:108D700009D9691CED4303EBC1025D4455602568C8
:108D800043F8315022601C46C3F8048044F8087B45
:108D900000F0F0F8204603B0BDE8F08FAA45216846
:108DA00002D111602346EEE7013504EBC50344F818
:108DB000351003F10801761AF6105E601360F1E7D2
:108DC0009466002073B50446A0F1080550F8080C1D
:108DD00054F8043C061D0C3007330190DB0844F8BE
:108DE000043C00F0BDF8334601989E421A6801D059
:108DF000AB4228D20AB1954225D244F8082C54F847
:108E0000042C1D60013254F8081C05EBC206B14267
:108E100006D14E68324444F8042C0A6844F8082C01
:108E20005E68711C03EBC1018D4207D154F8042C1C
:108E3000013232445A6054F8082C1A6002B0BDE87E
:108E4000704000F097B81346CFE70000FEE700003F
:108E500070B51E4B0025044686B058600E4605636B
:108E60008163FEF7D7FC04F12803A5606563C4E9BC
:108E70000A3304F11003C4E904334FF0FF33C4E9AB
:108E80000044C4E90635FFF7C5FE2B46024604F14F
:108E90003C012046C4E9082380230D4A6567FDF79D
:108EA000E7FB7368E0600B4A03620123009280F8DD
:108EB00024306846F26801923269CDE90223064BFC
:108EC000CDE90435FDF708FC06B070BD104900205F
:108ED000809B0008789B00084D8E00080023C0E9A5
:108EE000000083600361704770B51C4B05468468C1
:108EF000DE685CB3B44213D103690133036170BD12
:108F0000A36094F8243083B1062B15D1A06A2146C2
:108F1000D4E9003213605A60FDF706FBA36A9C682F
:108F2000B368A2689A42EBD306E0D4E90032204647
:108F300013605A60FDF708FB28463146FDF7F4FA46
:108F4000B5620620BDE87040FDF700BB036986608E
:108F500001330361336BC3603063D0E768460020A0
:108F600008B5302383F31188FFF7BEFF002383F396
:108F7000118808BD194BD96883688B4210B520D180
:108F8000302383F311880269013A0261B2B904689F
:108F9000C368A0420B631ED04A6B9BB901238A6051
:108FA000036103681A68026050601A6B8360C260D4
:108FB00018631846FDF7C8FAFDF728FB002383F372
:108FC000118810BD1C68A34203D0A468A24238BF18
:108FD0002246DB68E1E78260F0E700BF68460020D8
:108FE000024A536B18435063704700BF6846002025
:108FF00038B5EFF311859DB9EFF30584C4F3080488
:10900000302334B183F31188FDF70CFD85F311880B
:1090100038BD83F31188FDF705FD84F3118838BD51
:10902000BDE83840FDF7FEBC70470000114BD3F897
:10903000E82042F00802C3F8E820D3F8102142F0FB
:109040000802C3F810210C4AD3F81031D36B43F057
:109050000803D363C722094B9A624FF0FF32DA62EA
:1090600000229A615A63DA605A6001225A611A60DA
:10907000704700BF004402580010005C000C004024
:10908000094A08B51169D3680B40D9B29B076FEA4A
:109090000101116107D5302383F31188FDF7DCFA54
:1090A000002383F3118808BD000C004010B501397E
:1090B0000244904201D1002005E0037811F8014FED
:1090C000A34201D0181B10BD0130F2E7884210B551
:1090D00001EB020402D98442234607D8431EA14271
:1090E00008D011F8012B03F8012FF8E702440146DC
:1090F0008A4200D110BD13F8014D02F8014DF7E787
:10910000C9B2034610F8012B1AB18A42F9D11846A8
:109110007047002918BF0023F9E70000034611F843
:10912000012B03F8012B002AF9D1704710B5013942
:10913000034632B111F8014F03F8014B013A002CFC
:10914000F7D11A440021934200D110BD03F8011B4E
:10915000F9E70000316566663265393530373137F9
:109160006439386100000000121000001211000084
:10917000121300004D4435002D2D0A002F6172643A
:109180007570696C6F742E6162696E002F61726414
:109190007570696C6F742D7665726966792E61627F
:1091A000696E002F6172647570696C6F742D666CE6
:1091B0006173682E6162696E002F617264757069F7
:1091C0006C6F742D666C61736865642E6162696E84
:1091D000000000000000000000000000150F000863
:1091E000B10F000861110008E90F0008A90F00087D
:1091F0000000000000000000110F0008BD0F000873
:10920000991100080D0F0008190F000853544D3331
:109210003248373F3F3F0053544D3332483733785D
:109220002F3732780053544D3332483734332F3789
:1092300035332F373530000001105A000310590024
:1092400001205800032056002F000000537563636F
:1092500065737366756C6C79206D6F756E7465647B
:10926000205344436172642028736C6F77646F7776
:109270006E3D2575290A0000EB769045584641540D
:1092800020202000464154333220202000000000DE
:109290002A3A3C3E7C223F7F002B2C3B3D5B5D000D
:1092A000435545414141414345454549494941416E
:1092B0004592924F4F4F5555594F554F9C4F9E9F3A
:1092C00041494F55A5A5A6A7A8A9AAABACADAEAF7D
:1092D000B0B1B2B3B4414141B8B9BABBBCBDBEBF75
:1092E000C0C1C2C3C4C54141C8C9CACBCCCDCECF11
:1092F000D1D145454549494949D9DADBDCDD49DF6A
:109300004FE14F4F4F4FE6E8E85555555959EEEFAD
:10931000F0F1F2F3F4F5F6F7F8F9FAFBFCFDFEFFD5
:1093200001030507090E10121416181C1E00000078
:1093300061001A03E0001703F8000703FF000100B3
:1093400078010001300132010601390110014A01A2
:109350002E017901060180014D0043028101820145
:1093600082018401840186018701870189018A01C4
:109370008B018B018D018E018F0190019101910173
:1093800093019401F60196019701980198013D021D
:109390009B019C019D0120029F01A001A001A2014F
:1093A000A201A401A401A601A701A701A901AA0184
:1093B000AB01AC01AC01AE01AF01AF01B101B20133
:1093C000B301B301B501B501B701B801B801BA01E4
:1093D000BB01BC01BC01BE01F701C001C101C2015A
:1093E000C301C401C501C401C701C801C701CA0145
:1093F000CB01CA01CD011001DD0101008E01DE01AA
:109400001201F3010300F101F401F401F801280154
:10941000220212013A020900652C3B023B023D0286
:10942000662C3F0240024102410246020A015302F9
:10943000400081018601550289018A0158028F018D
:109440005A0290015C025D025E025F0293016102BA
:109450006202940164026502660267029701960146
:109460006A02622C6C026D026E029C017002710233
:109470009D01730274029F017602770278027902DD
:109480007A027B027C02642C7E027F02A6018102AA
:109490008202A9018402850286028702AE0144028B
:1094A000B101B20145028D028E028F02900291023B
:1094B000B7017B030300FD03FE03FF03AC030400BD
:1094C0008603880389038A03B1031103C2030200E0
:1094D000A303A303C4030803CC0303008C038E037C
:1094E0008F03D8031801F2030A00F903F303F4030E
:1094F000F503F603F703F703F903FA03FA0330045D
:10950000200350041007600422018A043601C104BC
:109510000E01CF040100C004D004440161052604FB
:10952000000000007D1D0100632C001E9601A01E9E
:109530005A01001F0806101F0606201F0806301FCC
:109540000806401F0606511F0700591F521F5B1FC8
:10955000541F5D1F561F5F1F601F0806701F0E00FF
:10956000BA1FBB1FC81FC91FCA1FCB1FDA1FDB1FB3
:10957000F81FF91FEA1FEB1FFA1FFB1F801F0806C9
:10958000901F0806A01F0806B01F0400B81FB91FCF
:10959000B21FBC1FCC1F0100C31FD01F0206E01F5B
:1095A0000206E51F0100EC1FF31F0100FC1F4E2106
:1095B0000100322170211002842101008321D02476
:1095C0001A05302C2F04602C0201672C0601752C23
:1095D0000201802C6401002D260841FF1A030000BF
:1095E000C700FC00E900E200E400E000E500E7005D
:1095F000EA00EB00E800EF00EE00EC00C400C5005C
:10960000C900E600C600F400F600F200FB00F90015
:10961000FF00D600DC00F800A300D800D7009201BC
:10962000E100ED00F300FA00F100D100AA00BA0059
:10963000BF00AE00AC00BD00BC00A100AB00BB0091
:1096400091259225932502252425C100C200C00042
:10965000A9006325512557255D25A200A5001025E9
:10966000142534252C251C2500253C25E300C300AA
:109670005A25542569256625602550256C25A400AA
:10968000F000D000CA00CB00C8003101CD00CE00F0
:10969000CF0018250C2588258425A600CC00802520
:1096A000D300DF00D400D200F500D500B500FE00E5
:1096B000DE00DA00DB00D900FD00DD00AF00B40001
:1096C000AD00B1001720BE00B600A700F700B8003B
:1096D000B000A800B700B900B300B200A025A000F8
:1096E00010000240080002400008024000000B0089
:1096F00028000240080002400408024006010C0055
:1097000040000240080002400808024010020D001C
:1097100058000240080002400C08024016030E00E8
:10972000700002400C0002401008024000040F00CC
:10973000880002400C000240140802400605100098
:10974000A00002400C000240180802401006110060
:10975000B80002400C0002401C08024016072F000F
:1097600010040240080402402008024000083800AB
:109770002804024008040240240802400609390077
:10978000400402400804024028080240100A3A003F
:1097900058040240080402402C080240160B3B000B
:1097A000700402400C04024030080240000C3C00EF
:1097B000880402400C04024034080240060D4400B4
:1097C000A00402400C04024038080240100E45007C
:1097D000B80402400C0402403C080240160F460048
:1097E00001000000000000000096000000000000E2
:1097F0000000000000000000000000000000000069
:1098000000000000C16C0008C56C000899570008F2
:10981000D15A00082D570008555700087D570008F9
:109820001557000800000000855B0008715B000808
:10983000AD5B0008995B0008A55B0008915B000820
:109840007D5B0008695B0008B95B00080000000050
:109850009D5C0008895C0008C55C0008B15C0008DC
:10986000BD5C0008A95C0008955C0008815C0008EC
:10987000D15C0008000000000100000000000000B2
:109880006330000080980008000000000000000025
:10989000E0460020104900200000802A000200005D
:1098A000AAAAAAAA00000024FFFF000000000000EE
:1098B00000A00A00800200A000000000AAAAAAAA34
:1098C00040010050FFFF00000090090000000099D7
:1098D0000000101600000000AAAAAAAA00000015A5
:1098E000FFFB0000000000000000080020A15A005B
:1098F000000C0000AAAAAAAA10410500FFFF000060
:10990000000800BB7700000010800200000000008B
:10991000AAAAAAAA00400100FBFF000000000070F4
:10992000070000000000000000000000AAAAAAAA88
:1099300000000000FFFF0000000000000000000029
:109940000000000000000000AAAAAAAA000000006F
:10995000FFFF000000000000000000000000000009
:1099600000000000AAAAAAAA00000000FFFF000051
:1099700000000000000000000000000000000000E7
:10998000AAAAAAAA00000000FFFF00000000000031
:10999000000000000000000000000000AAAAAAAA1F
:1099A00000000000FFFF00000000000000000000B9
:1099B0000000000000000000AAAAAAAA00000000FF
:1099C000FFFF00000000000000000000486F6C79FD
:1099D00062726F0025424F415244252D424C0025B2
:1099E00053455249414C2500020000000000000090
:1099F000BD5E00082D5F000840004000C0610020EF
:109A0000D061002002000000000000000300000000
:109A100000000000755F000800000000100000005A
:109A2000E0610020000000000100000000000000D4
:109A30003C65002001010200BD6D0008CD6C0008EE
:109A4000696D00084D6D000843000000509A000841
:109A500009024300020100C03209040000010202B1
:109A60000100052400100105240100010424020264
:109A70000524060001070582030800FF0904010010
:109A8000020A0000000705010240000007058102EC
:109A900040000000120000009C9A00081201100112
:109AA0000200004062315300000201020301000085
:109AB0000403090425424F41524425005361616D5E
:109AC00050697856315F32003031323334353637B1
:109AD0003839414243444546000000000000002060
:109AE000000002000200000000000030000004003E
:109AF000080000000000002400000800040000002E
:109B00000004000000FC000002000000000004301F
:109B10000080000008000000000000380000010084
:109B2000010000001F1C1F1E1F1E1F1F1E1F1E1FC7
:109B30001F1D1F1E1F1E1F1F1E1F1E1F00000000B7
:109B4000D1600008896300083564000840004000C7
:109B50007466002074660020010000008466002006
:109B6000800000004001000008000000000100002B
:109B7000001000000800000069646C65000000002F
:109B80006D61696E002C0438040438080C10141C34
:109B900020242526000000000000640401000400C9
:109BA00000000000000C001028303400BC68FF7F6B
:109BB000010000000000000038000000000000006C
:109BC00000001E0000000000FF00000018490020F7
:109BD000F83900208C3900202039002000000000D6
:109BE0000C92000883040000179200085004000043
:109BF000259200080100000000000000009600000F
:109C000000000800960000000008000004000000AA
:109C1000B09A0008000000000000000000000000F2
:0C9C200000000000000000000000000038
:00000001FF
